                                      1 ;--------------------------------------------------------
                                      2 ; File Created by SDCC : free open source ISO C Compiler 
                                      3 ; Version 4.3.0 #14184 (MINGW64)
                                      4 ;--------------------------------------------------------
                                      5 	.module isp
                                      6 	.optsdcc -mmcs51 --model-small
                                      7 	
                                      8 ;--------------------------------------------------------
                                      9 ; Public variables in this module
                                     10 ;--------------------------------------------------------
                                     11 	.globl _p16c_get_ID
                                     12 	.globl _isp_send_24_msb
                                     13 	.globl _CDC_write
                                     14 	.globl _CDC_read
                                     15 	.globl _CDC_flush
                                     16 	.globl _DLY_ms
                                     17 	.globl _DLY_us
                                     18 	.globl _PP37
                                     19 	.globl _PP36
                                     20 	.globl _PP35
                                     21 	.globl _PP34
                                     22 	.globl _PP33
                                     23 	.globl _PP32
                                     24 	.globl _PP31
                                     25 	.globl _PP30
                                     26 	.globl _PP17
                                     27 	.globl _PP16
                                     28 	.globl _PP15
                                     29 	.globl _PP14
                                     30 	.globl _PP13
                                     31 	.globl _PP12
                                     32 	.globl _PP11
                                     33 	.globl _PP10
                                     34 	.globl _UIF_BUS_RST
                                     35 	.globl _UIF_DETECT
                                     36 	.globl _UIF_TRANSFER
                                     37 	.globl _UIF_SUSPEND
                                     38 	.globl _UIF_HST_SOF
                                     39 	.globl _UIF_FIFO_OV
                                     40 	.globl _U_SIE_FREE
                                     41 	.globl _U_TOG_OK
                                     42 	.globl _U_IS_NAK
                                     43 	.globl _ADC_CHAN0
                                     44 	.globl _ADC_CHAN1
                                     45 	.globl _CMP_CHAN
                                     46 	.globl _ADC_START
                                     47 	.globl _ADC_IF
                                     48 	.globl _CMP_IF
                                     49 	.globl _CMPO
                                     50 	.globl _U1RI
                                     51 	.globl _U1TI
                                     52 	.globl _U1RB8
                                     53 	.globl _U1TB8
                                     54 	.globl _U1REN
                                     55 	.globl _U1SMOD
                                     56 	.globl _U1SM0
                                     57 	.globl _S0_R_FIFO
                                     58 	.globl _S0_T_FIFO
                                     59 	.globl _S0_FREE
                                     60 	.globl _S0_IF_BYTE
                                     61 	.globl _S0_IF_FIRST
                                     62 	.globl _S0_IF_OV
                                     63 	.globl _S0_FST_ACT
                                     64 	.globl _CP_RL2
                                     65 	.globl _C_T2
                                     66 	.globl _TR2
                                     67 	.globl _EXEN2
                                     68 	.globl _TCLK
                                     69 	.globl _RCLK
                                     70 	.globl _EXF2
                                     71 	.globl _CAP1F
                                     72 	.globl _TF2
                                     73 	.globl _RI
                                     74 	.globl _TI
                                     75 	.globl _RB8
                                     76 	.globl _TB8
                                     77 	.globl _REN
                                     78 	.globl _SM2
                                     79 	.globl _SM1
                                     80 	.globl _SM0
                                     81 	.globl _IT0
                                     82 	.globl _IE0
                                     83 	.globl _IT1
                                     84 	.globl _IE1
                                     85 	.globl _TR0
                                     86 	.globl _TF0
                                     87 	.globl _TR1
                                     88 	.globl _TF1
                                     89 	.globl _RXD
                                     90 	.globl _PWM1_
                                     91 	.globl _TXD
                                     92 	.globl _PWM2_
                                     93 	.globl _AIN3
                                     94 	.globl _VBUS1
                                     95 	.globl _INT0
                                     96 	.globl _TXD1_
                                     97 	.globl _INT1
                                     98 	.globl _T0
                                     99 	.globl _RXD1_
                                    100 	.globl _PWM2
                                    101 	.globl _T1
                                    102 	.globl _UDP
                                    103 	.globl _UDM
                                    104 	.globl _TIN0
                                    105 	.globl _CAP1
                                    106 	.globl _T2
                                    107 	.globl _AIN0
                                    108 	.globl _VBUS2
                                    109 	.globl _TIN1
                                    110 	.globl _CAP2
                                    111 	.globl _T2EX
                                    112 	.globl _RXD_
                                    113 	.globl _TXD_
                                    114 	.globl _AIN1
                                    115 	.globl _UCC1
                                    116 	.globl _TIN2
                                    117 	.globl _SCS
                                    118 	.globl _CAP1_
                                    119 	.globl _T2_
                                    120 	.globl _AIN2
                                    121 	.globl _UCC2
                                    122 	.globl _TIN3
                                    123 	.globl _PWM1
                                    124 	.globl _MOSI
                                    125 	.globl _TIN4
                                    126 	.globl _RXD1
                                    127 	.globl _MISO
                                    128 	.globl _TIN5
                                    129 	.globl _TXD1
                                    130 	.globl _SCK
                                    131 	.globl _IE_SPI0
                                    132 	.globl _IE_TKEY
                                    133 	.globl _IE_USB
                                    134 	.globl _IE_ADC
                                    135 	.globl _IE_UART1
                                    136 	.globl _IE_PWMX
                                    137 	.globl _IE_GPIO
                                    138 	.globl _IE_WDOG
                                    139 	.globl _PX0
                                    140 	.globl _PT0
                                    141 	.globl _PX1
                                    142 	.globl _PT1
                                    143 	.globl _PS
                                    144 	.globl _PT2
                                    145 	.globl _PL_FLAG
                                    146 	.globl _PH_FLAG
                                    147 	.globl _EX0
                                    148 	.globl _ET0
                                    149 	.globl _EX1
                                    150 	.globl _ET1
                                    151 	.globl _ES
                                    152 	.globl _ET2
                                    153 	.globl _E_DIS
                                    154 	.globl _EA
                                    155 	.globl _P
                                    156 	.globl _F1
                                    157 	.globl _OV
                                    158 	.globl _RS0
                                    159 	.globl _RS1
                                    160 	.globl _F0
                                    161 	.globl _AC
                                    162 	.globl _CY
                                    163 	.globl _UEP1_DMA_H
                                    164 	.globl _UEP1_DMA_L
                                    165 	.globl _UEP1_DMA
                                    166 	.globl _UEP0_DMA_H
                                    167 	.globl _UEP0_DMA_L
                                    168 	.globl _UEP0_DMA
                                    169 	.globl _UEP2_3_MOD
                                    170 	.globl _UEP4_1_MOD
                                    171 	.globl _UEP3_DMA_H
                                    172 	.globl _UEP3_DMA_L
                                    173 	.globl _UEP3_DMA
                                    174 	.globl _UEP2_DMA_H
                                    175 	.globl _UEP2_DMA_L
                                    176 	.globl _UEP2_DMA
                                    177 	.globl _USB_DEV_AD
                                    178 	.globl _USB_CTRL
                                    179 	.globl _USB_INT_EN
                                    180 	.globl _UEP4_T_LEN
                                    181 	.globl _UEP4_CTRL
                                    182 	.globl _UEP0_T_LEN
                                    183 	.globl _UEP0_CTRL
                                    184 	.globl _USB_RX_LEN
                                    185 	.globl _USB_MIS_ST
                                    186 	.globl _USB_INT_ST
                                    187 	.globl _USB_INT_FG
                                    188 	.globl _UEP3_T_LEN
                                    189 	.globl _UEP3_CTRL
                                    190 	.globl _UEP2_T_LEN
                                    191 	.globl _UEP2_CTRL
                                    192 	.globl _UEP1_T_LEN
                                    193 	.globl _UEP1_CTRL
                                    194 	.globl _UDEV_CTRL
                                    195 	.globl _USB_C_CTRL
                                    196 	.globl _TKEY_DATH
                                    197 	.globl _TKEY_DATL
                                    198 	.globl _TKEY_DAT
                                    199 	.globl _TKEY_CTRL
                                    200 	.globl _ADC_DATA
                                    201 	.globl _ADC_CFG
                                    202 	.globl _ADC_CTRL
                                    203 	.globl _SBAUD1
                                    204 	.globl _SBUF1
                                    205 	.globl _SCON1
                                    206 	.globl _SPI0_SETUP
                                    207 	.globl _SPI0_CK_SE
                                    208 	.globl _SPI0_CTRL
                                    209 	.globl _SPI0_DATA
                                    210 	.globl _SPI0_STAT
                                    211 	.globl _PWM_CK_SE
                                    212 	.globl _PWM_CTRL
                                    213 	.globl _PWM_DATA1
                                    214 	.globl _PWM_DATA2
                                    215 	.globl _T2CAP1H
                                    216 	.globl _T2CAP1L
                                    217 	.globl _T2CAP1
                                    218 	.globl _TH2
                                    219 	.globl _TL2
                                    220 	.globl _T2COUNT
                                    221 	.globl _RCAP2H
                                    222 	.globl _RCAP2L
                                    223 	.globl _RCAP2
                                    224 	.globl _T2MOD
                                    225 	.globl _T2CON
                                    226 	.globl _SBUF
                                    227 	.globl _SCON
                                    228 	.globl _TH1
                                    229 	.globl _TH0
                                    230 	.globl _TL1
                                    231 	.globl _TL0
                                    232 	.globl _TMOD
                                    233 	.globl _TCON
                                    234 	.globl _XBUS_AUX
                                    235 	.globl _PIN_FUNC
                                    236 	.globl _P3_DIR_PU
                                    237 	.globl _P3_MOD_OC
                                    238 	.globl _P3
                                    239 	.globl _P2
                                    240 	.globl _P1_DIR_PU
                                    241 	.globl _P1_MOD_OC
                                    242 	.globl _P1
                                    243 	.globl _ROM_CTRL
                                    244 	.globl _ROM_DATA_H
                                    245 	.globl _ROM_DATA_L
                                    246 	.globl _ROM_DATA
                                    247 	.globl _ROM_ADDR_H
                                    248 	.globl _ROM_ADDR_L
                                    249 	.globl _ROM_ADDR
                                    250 	.globl _GPIO_IE
                                    251 	.globl _IP_EX
                                    252 	.globl _IE_EX
                                    253 	.globl _IP
                                    254 	.globl _IE
                                    255 	.globl _WDOG_COUNT
                                    256 	.globl _RESET_KEEP
                                    257 	.globl _WAKE_CTRL
                                    258 	.globl _CLOCK_CFG
                                    259 	.globl _PCON
                                    260 	.globl _GLOBAL_CFG
                                    261 	.globl _SAFE_MOD
                                    262 	.globl _DPH
                                    263 	.globl _DPL
                                    264 	.globl _SP
                                    265 	.globl _B
                                    266 	.globl _ACC
                                    267 	.globl _PSW
                                    268 	.globl _flash_buffer
                                    269 	.globl _rx_message
                                    270 	.globl _EP2_buffer
                                    271 	.globl _EP1_buffer
                                    272 	.globl _EP0_buffer
                                    273 	.globl _addr
                                    274 	.globl _cfg_val
                                    275 	.globl _eeprom_buf
                                    276 	.globl _rx_message_ptr
                                    277 	.globl _rx_state
                                    278 	.globl _bytes_to_receive
                                    279 	.globl _i
                                    280 	.globl _rx
                                    281 	.globl _ISP
                                    282 	.globl _rx_state_machine
                                    283 	.globl _isp_read_pgm
                                    284 	.globl _isp_read_eeprom
                                    285 	.globl _isp_write_pgm
                                    286 	.globl _isp_send_config
                                    287 	.globl _isp_mass_erase
                                    288 	.globl _isp_reset_pointer
                                    289 	.globl _isp_reset_pointer_16d
                                    290 	.globl _isp_set_pointer_16d
                                    291 	.globl _isp_inc_pointer
                                    292 	.globl _isp_read_16
                                    293 	.globl _isp_read_8
                                    294 	.globl _isp_read_14s
                                    295 	.globl _isp_send
                                    296 	.globl _isp_send_8_msb
                                    297 	.globl _isp_read_8_msb
                                    298 	.globl _isp_read_16_msb
                                    299 	.globl _enter_progmode
                                    300 	.globl _p18_enter_progmode
                                    301 	.globl _p18_isp_mass_erase
                                    302 	.globl _p18fj_isp_mass_erase
                                    303 	.globl _p18fk_isp_mass_erase
                                    304 	.globl _p18fk_isp_write_pgm
                                    305 	.globl _p18_isp_write_pgm
                                    306 	.globl _p18_isp_write_cfg
                                    307 	.globl _p18fk_isp_write_cfg
                                    308 	.globl _p_18_modfied_nop
                                    309 	.globl _p_18_isp_read_pgm
                                    310 	.globl _p18_set_tblptr
                                    311 	.globl _p18_read_pgm_byte
                                    312 	.globl _p18_get_ID
                                    313 	.globl _p18_send_cmd_payload
                                    314 	.globl _p18_get_cmd_payload
                                    315 	.globl _exit_progmode
                                    316 	.globl _p16c_enter_progmode
                                    317 	.globl _p16c_set_pc
                                    318 	.globl _p16c_bulk_erase
                                    319 	.globl _p16c_load_nvm
                                    320 	.globl _p16c_read_data_nvm
                                    321 	.globl _p16c_begin_prog
                                    322 	.globl _p16c_isp_write_pgm
                                    323 	.globl _p16c_isp_read_pgm
                                    324 	.globl _p16c_isp_write_cfg
                                    325 	.globl _p18q_isp_write_pgm
                                    326 	.globl _p18q_isp_write_cfg
                                    327 	.globl _usart_tx_b
                                    328 ;--------------------------------------------------------
                                    329 ; special function registers
                                    330 ;--------------------------------------------------------
                                    331 	.area RSEG    (ABS,DATA)
      000000                        332 	.org 0x0000
                           0000D0   333 _PSW	=	0x00d0
                           0000E0   334 _ACC	=	0x00e0
                           0000F0   335 _B	=	0x00f0
                           000081   336 _SP	=	0x0081
                           000082   337 _DPL	=	0x0082
                           000083   338 _DPH	=	0x0083
                           0000A1   339 _SAFE_MOD	=	0x00a1
                           0000B1   340 _GLOBAL_CFG	=	0x00b1
                           000087   341 _PCON	=	0x0087
                           0000B9   342 _CLOCK_CFG	=	0x00b9
                           0000A9   343 _WAKE_CTRL	=	0x00a9
                           0000FE   344 _RESET_KEEP	=	0x00fe
                           0000FF   345 _WDOG_COUNT	=	0x00ff
                           0000A8   346 _IE	=	0x00a8
                           0000B8   347 _IP	=	0x00b8
                           0000E8   348 _IE_EX	=	0x00e8
                           0000E9   349 _IP_EX	=	0x00e9
                           0000C7   350 _GPIO_IE	=	0x00c7
                           008584   351 _ROM_ADDR	=	0x8584
                           000084   352 _ROM_ADDR_L	=	0x0084
                           000085   353 _ROM_ADDR_H	=	0x0085
                           008F8E   354 _ROM_DATA	=	0x8f8e
                           00008E   355 _ROM_DATA_L	=	0x008e
                           00008F   356 _ROM_DATA_H	=	0x008f
                           000086   357 _ROM_CTRL	=	0x0086
                           000090   358 _P1	=	0x0090
                           000092   359 _P1_MOD_OC	=	0x0092
                           000093   360 _P1_DIR_PU	=	0x0093
                           0000A0   361 _P2	=	0x00a0
                           0000B0   362 _P3	=	0x00b0
                           000096   363 _P3_MOD_OC	=	0x0096
                           000097   364 _P3_DIR_PU	=	0x0097
                           0000C6   365 _PIN_FUNC	=	0x00c6
                           0000A2   366 _XBUS_AUX	=	0x00a2
                           000088   367 _TCON	=	0x0088
                           000089   368 _TMOD	=	0x0089
                           00008A   369 _TL0	=	0x008a
                           00008B   370 _TL1	=	0x008b
                           00008C   371 _TH0	=	0x008c
                           00008D   372 _TH1	=	0x008d
                           000098   373 _SCON	=	0x0098
                           000099   374 _SBUF	=	0x0099
                           0000C8   375 _T2CON	=	0x00c8
                           0000C9   376 _T2MOD	=	0x00c9
                           00CBCA   377 _RCAP2	=	0xcbca
                           0000CA   378 _RCAP2L	=	0x00ca
                           0000CB   379 _RCAP2H	=	0x00cb
                           00CDCC   380 _T2COUNT	=	0xcdcc
                           0000CC   381 _TL2	=	0x00cc
                           0000CD   382 _TH2	=	0x00cd
                           00CFCE   383 _T2CAP1	=	0xcfce
                           0000CE   384 _T2CAP1L	=	0x00ce
                           0000CF   385 _T2CAP1H	=	0x00cf
                           00009B   386 _PWM_DATA2	=	0x009b
                           00009C   387 _PWM_DATA1	=	0x009c
                           00009D   388 _PWM_CTRL	=	0x009d
                           00009E   389 _PWM_CK_SE	=	0x009e
                           0000F8   390 _SPI0_STAT	=	0x00f8
                           0000F9   391 _SPI0_DATA	=	0x00f9
                           0000FA   392 _SPI0_CTRL	=	0x00fa
                           0000FB   393 _SPI0_CK_SE	=	0x00fb
                           0000FC   394 _SPI0_SETUP	=	0x00fc
                           0000C0   395 _SCON1	=	0x00c0
                           0000C1   396 _SBUF1	=	0x00c1
                           0000C2   397 _SBAUD1	=	0x00c2
                           000080   398 _ADC_CTRL	=	0x0080
                           00009A   399 _ADC_CFG	=	0x009a
                           00009F   400 _ADC_DATA	=	0x009f
                           0000C3   401 _TKEY_CTRL	=	0x00c3
                           00C5C4   402 _TKEY_DAT	=	0xc5c4
                           0000C4   403 _TKEY_DATL	=	0x00c4
                           0000C5   404 _TKEY_DATH	=	0x00c5
                           000091   405 _USB_C_CTRL	=	0x0091
                           0000D1   406 _UDEV_CTRL	=	0x00d1
                           0000D2   407 _UEP1_CTRL	=	0x00d2
                           0000D3   408 _UEP1_T_LEN	=	0x00d3
                           0000D4   409 _UEP2_CTRL	=	0x00d4
                           0000D5   410 _UEP2_T_LEN	=	0x00d5
                           0000D6   411 _UEP3_CTRL	=	0x00d6
                           0000D7   412 _UEP3_T_LEN	=	0x00d7
                           0000D8   413 _USB_INT_FG	=	0x00d8
                           0000D9   414 _USB_INT_ST	=	0x00d9
                           0000DA   415 _USB_MIS_ST	=	0x00da
                           0000DB   416 _USB_RX_LEN	=	0x00db
                           0000DC   417 _UEP0_CTRL	=	0x00dc
                           0000DD   418 _UEP0_T_LEN	=	0x00dd
                           0000DE   419 _UEP4_CTRL	=	0x00de
                           0000DF   420 _UEP4_T_LEN	=	0x00df
                           0000E1   421 _USB_INT_EN	=	0x00e1
                           0000E2   422 _USB_CTRL	=	0x00e2
                           0000E3   423 _USB_DEV_AD	=	0x00e3
                           00E5E4   424 _UEP2_DMA	=	0xe5e4
                           0000E4   425 _UEP2_DMA_L	=	0x00e4
                           0000E5   426 _UEP2_DMA_H	=	0x00e5
                           00E7E6   427 _UEP3_DMA	=	0xe7e6
                           0000E6   428 _UEP3_DMA_L	=	0x00e6
                           0000E7   429 _UEP3_DMA_H	=	0x00e7
                           0000EA   430 _UEP4_1_MOD	=	0x00ea
                           0000EB   431 _UEP2_3_MOD	=	0x00eb
                           00EDEC   432 _UEP0_DMA	=	0xedec
                           0000EC   433 _UEP0_DMA_L	=	0x00ec
                           0000ED   434 _UEP0_DMA_H	=	0x00ed
                           00EFEE   435 _UEP1_DMA	=	0xefee
                           0000EE   436 _UEP1_DMA_L	=	0x00ee
                           0000EF   437 _UEP1_DMA_H	=	0x00ef
                                    438 ;--------------------------------------------------------
                                    439 ; special function bits
                                    440 ;--------------------------------------------------------
                                    441 	.area RSEG    (ABS,DATA)
      000000                        442 	.org 0x0000
                           0000D7   443 _CY	=	0x00d7
                           0000D6   444 _AC	=	0x00d6
                           0000D5   445 _F0	=	0x00d5
                           0000D4   446 _RS1	=	0x00d4
                           0000D3   447 _RS0	=	0x00d3
                           0000D2   448 _OV	=	0x00d2
                           0000D1   449 _F1	=	0x00d1
                           0000D0   450 _P	=	0x00d0
                           0000AF   451 _EA	=	0x00af
                           0000AE   452 _E_DIS	=	0x00ae
                           0000AD   453 _ET2	=	0x00ad
                           0000AC   454 _ES	=	0x00ac
                           0000AB   455 _ET1	=	0x00ab
                           0000AA   456 _EX1	=	0x00aa
                           0000A9   457 _ET0	=	0x00a9
                           0000A8   458 _EX0	=	0x00a8
                           0000BF   459 _PH_FLAG	=	0x00bf
                           0000BE   460 _PL_FLAG	=	0x00be
                           0000BD   461 _PT2	=	0x00bd
                           0000BC   462 _PS	=	0x00bc
                           0000BB   463 _PT1	=	0x00bb
                           0000BA   464 _PX1	=	0x00ba
                           0000B9   465 _PT0	=	0x00b9
                           0000B8   466 _PX0	=	0x00b8
                           0000EF   467 _IE_WDOG	=	0x00ef
                           0000EE   468 _IE_GPIO	=	0x00ee
                           0000ED   469 _IE_PWMX	=	0x00ed
                           0000EC   470 _IE_UART1	=	0x00ec
                           0000EB   471 _IE_ADC	=	0x00eb
                           0000EA   472 _IE_USB	=	0x00ea
                           0000E9   473 _IE_TKEY	=	0x00e9
                           0000E8   474 _IE_SPI0	=	0x00e8
                           000097   475 _SCK	=	0x0097
                           000097   476 _TXD1	=	0x0097
                           000097   477 _TIN5	=	0x0097
                           000096   478 _MISO	=	0x0096
                           000096   479 _RXD1	=	0x0096
                           000096   480 _TIN4	=	0x0096
                           000095   481 _MOSI	=	0x0095
                           000095   482 _PWM1	=	0x0095
                           000095   483 _TIN3	=	0x0095
                           000095   484 _UCC2	=	0x0095
                           000095   485 _AIN2	=	0x0095
                           000094   486 _T2_	=	0x0094
                           000094   487 _CAP1_	=	0x0094
                           000094   488 _SCS	=	0x0094
                           000094   489 _TIN2	=	0x0094
                           000094   490 _UCC1	=	0x0094
                           000094   491 _AIN1	=	0x0094
                           000093   492 _TXD_	=	0x0093
                           000092   493 _RXD_	=	0x0092
                           000091   494 _T2EX	=	0x0091
                           000091   495 _CAP2	=	0x0091
                           000091   496 _TIN1	=	0x0091
                           000091   497 _VBUS2	=	0x0091
                           000091   498 _AIN0	=	0x0091
                           000090   499 _T2	=	0x0090
                           000090   500 _CAP1	=	0x0090
                           000090   501 _TIN0	=	0x0090
                           0000B7   502 _UDM	=	0x00b7
                           0000B6   503 _UDP	=	0x00b6
                           0000B5   504 _T1	=	0x00b5
                           0000B4   505 _PWM2	=	0x00b4
                           0000B4   506 _RXD1_	=	0x00b4
                           0000B4   507 _T0	=	0x00b4
                           0000B3   508 _INT1	=	0x00b3
                           0000B2   509 _TXD1_	=	0x00b2
                           0000B2   510 _INT0	=	0x00b2
                           0000B2   511 _VBUS1	=	0x00b2
                           0000B2   512 _AIN3	=	0x00b2
                           0000B1   513 _PWM2_	=	0x00b1
                           0000B1   514 _TXD	=	0x00b1
                           0000B0   515 _PWM1_	=	0x00b0
                           0000B0   516 _RXD	=	0x00b0
                           00008F   517 _TF1	=	0x008f
                           00008E   518 _TR1	=	0x008e
                           00008D   519 _TF0	=	0x008d
                           00008C   520 _TR0	=	0x008c
                           00008B   521 _IE1	=	0x008b
                           00008A   522 _IT1	=	0x008a
                           000089   523 _IE0	=	0x0089
                           000088   524 _IT0	=	0x0088
                           00009F   525 _SM0	=	0x009f
                           00009E   526 _SM1	=	0x009e
                           00009D   527 _SM2	=	0x009d
                           00009C   528 _REN	=	0x009c
                           00009B   529 _TB8	=	0x009b
                           00009A   530 _RB8	=	0x009a
                           000099   531 _TI	=	0x0099
                           000098   532 _RI	=	0x0098
                           0000CF   533 _TF2	=	0x00cf
                           0000CF   534 _CAP1F	=	0x00cf
                           0000CE   535 _EXF2	=	0x00ce
                           0000CD   536 _RCLK	=	0x00cd
                           0000CC   537 _TCLK	=	0x00cc
                           0000CB   538 _EXEN2	=	0x00cb
                           0000CA   539 _TR2	=	0x00ca
                           0000C9   540 _C_T2	=	0x00c9
                           0000C8   541 _CP_RL2	=	0x00c8
                           0000FF   542 _S0_FST_ACT	=	0x00ff
                           0000FE   543 _S0_IF_OV	=	0x00fe
                           0000FD   544 _S0_IF_FIRST	=	0x00fd
                           0000FC   545 _S0_IF_BYTE	=	0x00fc
                           0000FB   546 _S0_FREE	=	0x00fb
                           0000FA   547 _S0_T_FIFO	=	0x00fa
                           0000F8   548 _S0_R_FIFO	=	0x00f8
                           0000C7   549 _U1SM0	=	0x00c7
                           0000C5   550 _U1SMOD	=	0x00c5
                           0000C4   551 _U1REN	=	0x00c4
                           0000C3   552 _U1TB8	=	0x00c3
                           0000C2   553 _U1RB8	=	0x00c2
                           0000C1   554 _U1TI	=	0x00c1
                           0000C0   555 _U1RI	=	0x00c0
                           000087   556 _CMPO	=	0x0087
                           000086   557 _CMP_IF	=	0x0086
                           000085   558 _ADC_IF	=	0x0085
                           000084   559 _ADC_START	=	0x0084
                           000083   560 _CMP_CHAN	=	0x0083
                           000081   561 _ADC_CHAN1	=	0x0081
                           000080   562 _ADC_CHAN0	=	0x0080
                           0000DF   563 _U_IS_NAK	=	0x00df
                           0000DE   564 _U_TOG_OK	=	0x00de
                           0000DD   565 _U_SIE_FREE	=	0x00dd
                           0000DC   566 _UIF_FIFO_OV	=	0x00dc
                           0000DB   567 _UIF_HST_SOF	=	0x00db
                           0000DA   568 _UIF_SUSPEND	=	0x00da
                           0000D9   569 _UIF_TRANSFER	=	0x00d9
                           0000D8   570 _UIF_DETECT	=	0x00d8
                           0000D8   571 _UIF_BUS_RST	=	0x00d8
                           000090   572 _PP10	=	0x0090
                           000091   573 _PP11	=	0x0091
                           000092   574 _PP12	=	0x0092
                           000093   575 _PP13	=	0x0093
                           000094   576 _PP14	=	0x0094
                           000095   577 _PP15	=	0x0095
                           000096   578 _PP16	=	0x0096
                           000097   579 _PP17	=	0x0097
                           0000B0   580 _PP30	=	0x00b0
                           0000B1   581 _PP31	=	0x00b1
                           0000B2   582 _PP32	=	0x00b2
                           0000B3   583 _PP33	=	0x00b3
                           0000B4   584 _PP34	=	0x00b4
                           0000B5   585 _PP35	=	0x00b5
                           0000B6   586 _PP36	=	0x00b6
                           0000B7   587 _PP37	=	0x00b7
                                    588 ;--------------------------------------------------------
                                    589 ; overlayable register banks
                                    590 ;--------------------------------------------------------
                                    591 	.area REG_BANK_0	(REL,OVR,DATA)
      000000                        592 	.ds 8
                                    593 ;--------------------------------------------------------
                                    594 ; overlayable bit register bank
                                    595 ;--------------------------------------------------------
                                    596 	.area BIT_BANK	(REL,OVR,DATA)
      000000                        597 bits:
      000000                        598 	.ds 1
                           008000   599 	b0 = bits[0]
                           008100   600 	b1 = bits[1]
                           008200   601 	b2 = bits[2]
                           008300   602 	b3 = bits[3]
                           008400   603 	b4 = bits[4]
                           008500   604 	b5 = bits[5]
                           008600   605 	b6 = bits[6]
                           008700   606 	b7 = bits[7]
                                    607 ;--------------------------------------------------------
                                    608 ; internal ram data
                                    609 ;--------------------------------------------------------
                                    610 	.area DSEG    (DATA)
      000000                        611 _rx::
      000000                        612 	.ds 1
      000001                        613 _i::
      000001                        614 	.ds 1
      000002                        615 _bytes_to_receive::
      000002                        616 	.ds 1
      000003                        617 _rx_state::
      000003                        618 	.ds 1
      000004                        619 _rx_message_ptr::
      000004                        620 	.ds 1
      000005                        621 _eeprom_buf::
      000005                        622 	.ds 3
      000008                        623 _cfg_val::
      000008                        624 	.ds 2
      00000A                        625 _addr::
      00000A                        626 	.ds 4
                                    627 ;--------------------------------------------------------
                                    628 ; overlayable items in internal ram
                                    629 ;--------------------------------------------------------
                                    630 ;--------------------------------------------------------
                                    631 ; indirectly addressable internal ram data
                                    632 ;--------------------------------------------------------
                                    633 	.area ISEG    (DATA)
                                    634 ;--------------------------------------------------------
                                    635 ; absolute internal ram data
                                    636 ;--------------------------------------------------------
                                    637 	.area IABS    (ABS,DATA)
                                    638 	.area IABS    (ABS,DATA)
                                    639 ;--------------------------------------------------------
                                    640 ; bit data
                                    641 ;--------------------------------------------------------
                                    642 	.area BSEG    (BIT)
                                    643 ;--------------------------------------------------------
                                    644 ; paged external ram data
                                    645 ;--------------------------------------------------------
                                    646 	.area PSEG    (PAG,XDATA)
                                    647 ;--------------------------------------------------------
                                    648 ; uninitialized external ram data
                                    649 ;--------------------------------------------------------
                                    650 	.area XSEG    (XDATA)
                           000000   651 _EP0_buffer	=	0x0000
                           00000A   652 _EP1_buffer	=	0x000a
                           000014   653 _EP2_buffer	=	0x0014
      000000                        654 _rx_message::
      000000                        655 	.ds 140
      00008C                        656 _flash_buffer::
      00008C                        657 	.ds 128
                                    658 ;--------------------------------------------------------
                                    659 ; absolute external ram data
                                    660 ;--------------------------------------------------------
                                    661 	.area XABS    (ABS,XDATA)
                                    662 ;--------------------------------------------------------
                                    663 ; initialized external ram data
                                    664 ;--------------------------------------------------------
                                    665 	.area XISEG   (XDATA)
                                    666 	.area HOME    (CODE)
                                    667 	.area GSINIT0 (CODE)
                                    668 	.area GSINIT1 (CODE)
                                    669 	.area GSINIT2 (CODE)
                                    670 	.area GSINIT3 (CODE)
                                    671 	.area GSINIT4 (CODE)
                                    672 	.area GSINIT5 (CODE)
                                    673 	.area GSINIT  (CODE)
                                    674 	.area GSFINAL (CODE)
                                    675 	.area CSEG    (CODE)
                                    676 ;--------------------------------------------------------
                                    677 ; global & static initialisations
                                    678 ;--------------------------------------------------------
                                    679 	.area HOME    (CODE)
                                    680 	.area GSINIT  (CODE)
                                    681 	.area GSFINAL (CODE)
                                    682 	.area GSINIT  (CODE)
                                    683 ;	isp.c:13: unsigned char rx = 0;
      000000 75*00 00         [24]  684 	mov	_rx,#0x00
                                    685 ;	isp.c:14: unsigned char i = 0;
      000003 75*01 00         [24]  686 	mov	_i,#0x00
                                    687 ;	isp.c:16: unsigned char bytes_to_receive = 0;
      000006 75*02 00         [24]  688 	mov	_bytes_to_receive,#0x00
                                    689 ;	isp.c:17: unsigned char rx_state = 0;
      000009 75*03 00         [24]  690 	mov	_rx_state,#0x00
                                    691 ;	isp.c:19: unsigned char rx_message_ptr = 0;
      00000C 75*04 00         [24]  692 	mov	_rx_message_ptr,#0x00
                                    693 ;--------------------------------------------------------
                                    694 ; Home
                                    695 ;--------------------------------------------------------
                                    696 	.area HOME    (CODE)
                                    697 	.area HOME    (CODE)
                                    698 ;--------------------------------------------------------
                                    699 ; code
                                    700 ;--------------------------------------------------------
                                    701 	.area CSEG    (CODE)
                                    702 ;------------------------------------------------------------
                                    703 ;Allocation info for local variables in function 'ISP'
                                    704 ;------------------------------------------------------------
                                    705 ;	isp.c:25: void ISP(void) {
                                    706 ;	-----------------------------------------
                                    707 ;	 function ISP
                                    708 ;	-----------------------------------------
      000000                        709 _ISP:
                           000007   710 	ar7 = 0x07
                           000006   711 	ar6 = 0x06
                           000005   712 	ar5 = 0x05
                           000004   713 	ar4 = 0x04
                           000003   714 	ar3 = 0x03
                           000002   715 	ar2 = 0x02
                           000001   716 	ar1 = 0x01
                           000000   717 	ar0 = 0x00
                                    718 ;	isp.c:27: ISP_CLK_D_O
      000000 53 92 BF         [24]  719 	anl	_P1_MOD_OC,#0xbf
      000003 43 93 40         [24]  720 	orl	_P1_DIR_PU,#0x40
                                    721 ;	isp.c:28: ISP_DAT_D_O
      000006 53 92 7F         [24]  722 	anl	_P1_MOD_OC,#0x7f
      000009 43 93 80         [24]  723 	orl	_P1_DIR_PU,#0x80
                                    724 ;	isp.c:30: ISP_DAT_0
                                    725 ;	assignBit
      00000C C2 97            [12]  726 	clr	_PP17
                                    727 ;	isp.c:31: ISP_CLK_0
                                    728 ;	assignBit
      00000E C2 96            [12]  729 	clr	_PP16
                                    730 ;	isp.c:32: ISP_MCLR_D_O
      000010 53 92 DF         [24]  731 	anl	_P1_MOD_OC,#0xdf
      000013 43 93 20         [24]  732 	orl	_P1_DIR_PU,#0x20
                                    733 ;	isp.c:33: ISP_MCLR_1
                                    734 ;	assignBit
      000016 D2 95            [12]  735 	setb	_PP15
                                    736 ;	isp.c:35: rx_state = 0;
      000018 75*03 00         [24]  737 	mov	_rx_state,#0x00
                                    738 ;	isp.c:37: PIN_high(P14);
                                    739 ;	assignBit
      00001B D2 94            [12]  740 	setb	_PP14
                                    741 ;	isp.c:38: DLY_ms(1000);
      00001D 90 03 E8         [24]  742 	mov	dptr,#0x03e8
      000020 12r00r00         [24]  743 	lcall	_DLY_ms
                                    744 ;	isp.c:39: PIN_low(P14);
                                    745 ;	assignBit
      000023 C2 94            [12]  746 	clr	_PP14
                                    747 ;	isp.c:41: while(1) {
      000025                        748 00152$:
                                    749 ;	isp.c:42: if(CDC_available()) {
      000025 90r00r00         [24]  750 	mov	dptr,#_CDC_readByteCount
      000028 E0               [24]  751 	movx	a,@dptr
      000029 60 FA            [24]  752 	jz	00152$
                                    753 ;	isp.c:45: PP14 = 1;
                                    754 ;	assignBit
      00002B D2 94            [12]  755 	setb	_PP14
                                    756 ;	isp.c:46: rx = CDC_read();
      00002D 12r00r00         [24]  757 	lcall	_CDC_read
      000030 85 82*00         [24]  758 	mov	_rx,dpl
                                    759 ;	isp.c:48: rx_state = rx_state_machine (rx_state,rx);
      000033 C0*00            [24]  760 	push	_rx
      000035 85*03 82         [24]  761 	mov	dpl,_rx_state
      000038 12r0Br59         [24]  762 	lcall	_rx_state_machine
      00003B 85 82*03         [24]  763 	mov	_rx_state,dpl
      00003E 15 81            [12]  764 	dec	sp
                                    765 ;	isp.c:49: if (rx_state==3) {
      000040 74 03            [12]  766 	mov	a,#0x03
      000042 B5*03 02         [24]  767 	cjne	a,_rx_state,00403$
      000045 80 03            [24]  768 	sjmp	00404$
      000047                        769 00403$:
      000047 02r0Br54         [24]  770 	ljmp	00148$
      00004A                        771 00404$:
                                    772 ;	isp.c:51: switch (rx_message[0]) {
      00004A 90r00r00         [24]  773 	mov	dptr,#_rx_message
      00004D E0               [24]  774 	movx	a,@dptr
      00004E FF               [12]  775 	mov	r7,a
      00004F BF 01 03         [24]  776 	cjne	r7,#0x01,00405$
      000052 02r01r00         [24]  777 	ljmp	00101$
      000055                        778 00405$:
      000055 BF 02 03         [24]  779 	cjne	r7,#0x02,00406$
      000058 02r01r14         [24]  780 	ljmp	00102$
      00005B                        781 00406$:
      00005B BF 03 03         [24]  782 	cjne	r7,#0x03,00407$
      00005E 02r01r28         [24]  783 	ljmp	00103$
      000061                        784 00407$:
      000061 BF 04 03         [24]  785 	cjne	r7,#0x04,00408$
      000064 02r01r3C         [24]  786 	ljmp	00104$
      000067                        787 00408$:
      000067 BF 05 03         [24]  788 	cjne	r7,#0x05,00409$
      00006A 02r01r53         [24]  789 	ljmp	00105$
      00006D                        790 00409$:
      00006D BF 06 03         [24]  791 	cjne	r7,#0x06,00410$
      000070 02r01r79         [24]  792 	ljmp	00107$
      000073                        793 00410$:
      000073 BF 07 03         [24]  794 	cjne	r7,#0x07,00411$
      000076 02r01rEA         [24]  795 	ljmp	00109$
      000079                        796 00411$:
      000079 BF 08 03         [24]  797 	cjne	r7,#0x08,00412$
      00007C 02r01rFE         [24]  798 	ljmp	00110$
      00007F                        799 00412$:
      00007F BF 09 03         [24]  800 	cjne	r7,#0x09,00413$
      000082 02r02rA9         [24]  801 	ljmp	00112$
      000085                        802 00413$:
      000085 BF 0A 03         [24]  803 	cjne	r7,#0x0a,00414$
      000088 02r02rBD         [24]  804 	ljmp	00114$
      00008B                        805 00414$:
      00008B BF 0C 03         [24]  806 	cjne	r7,#0x0c,00415$
      00008E 02r03r5C         [24]  807 	ljmp	00121$
      000091                        808 00415$:
      000091 BF 0D 03         [24]  809 	cjne	r7,#0x0d,00416$
      000094 02r02rBD         [24]  810 	ljmp	00114$
      000097                        811 00416$:
      000097 BF 10 03         [24]  812 	cjne	r7,#0x10,00417$
      00009A 02r03r9C         [24]  813 	ljmp	00122$
      00009D                        814 00417$:
      00009D BF 11 03         [24]  815 	cjne	r7,#0x11,00418$
      0000A0 02r03rB0         [24]  816 	ljmp	00123$
      0000A3                        817 00418$:
      0000A3 BF 12 03         [24]  818 	cjne	r7,#0x12,00419$
      0000A6 02r04r6D         [24]  819 	ljmp	00125$
      0000A9                        820 00419$:
      0000A9 BF 13 03         [24]  821 	cjne	r7,#0x13,00420$
      0000AC 02r05r5A         [24]  822 	ljmp	00127$
      0000AF                        823 00420$:
      0000AF BF 14 03         [24]  824 	cjne	r7,#0x14,00421$
      0000B2 02r05r6E         [24]  825 	ljmp	00128$
      0000B5                        826 00421$:
      0000B5 BF 23 03         [24]  827 	cjne	r7,#0x23,00422$
      0000B8 02r05rDE         [24]  828 	ljmp	00129$
      0000BB                        829 00422$:
      0000BB BF 30 03         [24]  830 	cjne	r7,#0x30,00423$
      0000BE 02r05rF2         [24]  831 	ljmp	00130$
      0000C1                        832 00423$:
      0000C1 BF 31 03         [24]  833 	cjne	r7,#0x31,00424$
      0000C4 02r06r1F         [24]  834 	ljmp	00131$
      0000C7                        835 00424$:
      0000C7 BF 32 03         [24]  836 	cjne	r7,#0x32,00425$
      0000CA 02r07r0C         [24]  837 	ljmp	00133$
      0000CD                        838 00425$:
      0000CD BF 40 03         [24]  839 	cjne	r7,#0x40,00426$
      0000D0 02r07r7C         [24]  840 	ljmp	00134$
      0000D3                        841 00426$:
      0000D3 BF 41 03         [24]  842 	cjne	r7,#0x41,00427$
      0000D6 02r07r90         [24]  843 	ljmp	00135$
      0000D9                        844 00427$:
      0000D9 BF 42 03         [24]  845 	cjne	r7,#0x42,00428$
      0000DC 02r08r4D         [24]  846 	ljmp	00137$
      0000DF                        847 00428$:
      0000DF BF 43 03         [24]  848 	cjne	r7,#0x43,00429$
      0000E2 02r09r3A         [24]  849 	ljmp	00139$
      0000E5                        850 00429$:
      0000E5 BF 44 03         [24]  851 	cjne	r7,#0x44,00430$
      0000E8 02r09r57         [24]  852 	ljmp	00140$
      0000EB                        853 00430$:
      0000EB BF 45 03         [24]  854 	cjne	r7,#0x45,00431$
      0000EE 02r09rD7         [24]  855 	ljmp	00141$
      0000F1                        856 00431$:
      0000F1 BF 46 03         [24]  857 	cjne	r7,#0x46,00432$
      0000F4 02r0Ar57         [24]  858 	ljmp	00142$
      0000F7                        859 00432$:
      0000F7 BF FF 03         [24]  860 	cjne	r7,#0xff,00433$
      0000FA 02r0Br43         [24]  861 	ljmp	00144$
      0000FD                        862 00433$:
      0000FD 02r0Br54         [24]  863 	ljmp	00148$
                                    864 ;	isp.c:53: case 0x01: // prog_enter_progmode
      000100                        865 00101$:
                                    866 ;	isp.c:54: enter_progmode();
      000100 12r10rBD         [24]  867 	lcall	_enter_progmode
                                    868 ;	isp.c:55: usart_tx_b (0x81, TRUE);
      000103 D2 F0            [12]  869 	setb	b[0]
      000105 85 F0*00         [24]  870 	mov	bits,b
      000108 75 82 81         [24]  871 	mov	dpl,#0x81
      00010B 12r1Br40         [24]  872 	lcall	_usart_tx_b
                                    873 ;	isp.c:56: rx_state = 0;
      00010E 75*03 00         [24]  874 	mov	_rx_state,#0x00
                                    875 ;	isp.c:57: break;
      000111 02r0Br54         [24]  876 	ljmp	00148$
                                    877 ;	isp.c:59: case 0x02: // prog_exit_progmode
      000114                        878 00102$:
                                    879 ;	isp.c:60: exit_progmode();
      000114 12r18r1F         [24]  880 	lcall	_exit_progmode
                                    881 ;	isp.c:61: usart_tx_b (0x82, TRUE);
      000117 D2 F0            [12]  882 	setb	b[0]
      000119 85 F0*00         [24]  883 	mov	bits,b
      00011C 75 82 82         [24]  884 	mov	dpl,#0x82
      00011F 12r1Br40         [24]  885 	lcall	_usart_tx_b
                                    886 ;	isp.c:62: rx_state = 0;
      000122 75*03 00         [24]  887 	mov	_rx_state,#0x00
                                    888 ;	isp.c:63: break;
      000125 02r0Br54         [24]  889 	ljmp	00148$
                                    890 ;	isp.c:65: case 0x03: // p16a_rst_pointer A
      000128                        891 00103$:
                                    892 ;	isp.c:66: isp_reset_pointer();
      000128 12r0Er08         [24]  893 	lcall	_isp_reset_pointer
                                    894 ;	isp.c:67: usart_tx_b (0x83, TRUE);
      00012B D2 F0            [12]  895 	setb	b[0]
      00012D 85 F0*00         [24]  896 	mov	bits,b
      000130 75 82 83         [24]  897 	mov	dpl,#0x83
      000133 12r1Br40         [24]  898 	lcall	_usart_tx_b
                                    899 ;	isp.c:68: rx_state = 0;
      000136 75*03 00         [24]  900 	mov	_rx_state,#0x00
                                    901 ;	isp.c:69: break;
      000139 02r0Br54         [24]  902 	ljmp	00148$
                                    903 ;	isp.c:71: case 0x04: // p16a_load_config
      00013C                        904 00104$:
                                    905 ;	isp.c:72: isp_send_config(0);
      00013C 90 00 00         [24]  906 	mov	dptr,#0x0000
      00013F 12r0DrCA         [24]  907 	lcall	_isp_send_config
                                    908 ;	isp.c:73: usart_tx_b (0x84, TRUE);
      000142 D2 F0            [12]  909 	setb	b[0]
      000144 85 F0*00         [24]  910 	mov	bits,b
      000147 75 82 84         [24]  911 	mov	dpl,#0x84
      00014A 12r1Br40         [24]  912 	lcall	_usart_tx_b
                                    913 ;	isp.c:74: rx_state = 0;
      00014D 75*03 00         [24]  914 	mov	_rx_state,#0x00
                                    915 ;	isp.c:75: break;
      000150 02r0Br54         [24]  916 	ljmp	00148$
                                    917 ;	isp.c:77: case 0x05: // p16a_inc_pointer
      000153                        918 00105$:
                                    919 ;	isp.c:78: for (i=0;i<rx_message[2];i++)
      000153 75*01 00         [24]  920 	mov	_i,#0x00
      000156                        921 00155$:
      000156 90r00r02         [24]  922 	mov	dptr,#(_rx_message + 0x0002)
      000159 E0               [24]  923 	movx	a,@dptr
      00015A FF               [12]  924 	mov	r7,a
      00015B C3               [12]  925 	clr	c
      00015C E5*01            [12]  926 	mov	a,_i
      00015E 9F               [12]  927 	subb	a,r7
      00015F 50 07            [24]  928 	jnc	00106$
                                    929 ;	isp.c:79: isp_inc_pointer();
      000161 12r0ErB2         [24]  930 	lcall	_isp_inc_pointer
                                    931 ;	isp.c:78: for (i=0;i<rx_message[2];i++)
      000164 05*01            [12]  932 	inc	_i
      000166 80 EE            [24]  933 	sjmp	00155$
      000168                        934 00106$:
                                    935 ;	isp.c:80: usart_tx_b (0x85, TRUE);
      000168 D2 F0            [12]  936 	setb	b[0]
      00016A 85 F0*00         [24]  937 	mov	bits,b
      00016D 75 82 85         [24]  938 	mov	dpl,#0x85
      000170 12r1Br40         [24]  939 	lcall	_usart_tx_b
                                    940 ;	isp.c:81: rx_state = 0;
      000173 75*03 00         [24]  941 	mov	_rx_state,#0x00
                                    942 ;	isp.c:82: break;
      000176 02r0Br54         [24]  943 	ljmp	00148$
                                    944 ;	isp.c:84: case 0x06: // p16a_read_page
      000179                        945 00107$:
                                    946 ;	isp.c:85: isp_read_pgm(flash_buffer, rx_message[2]);
      000179 90r00r02         [24]  947 	mov	dptr,#(_rx_message + 0x0002)
      00017C E0               [24]  948 	movx	a,@dptr
      00017D FF               [12]  949 	mov	r7,a
      00017E C0 07            [24]  950 	push	ar7
      000180 90r00r8C         [24]  951 	mov	dptr,#_flash_buffer
      000183 75 F0 00         [24]  952 	mov	b,#0x00
      000186 12r0BrC4         [24]  953 	lcall	_isp_read_pgm
      000189 15 81            [12]  954 	dec	sp
                                    955 ;	isp.c:86: usart_tx_b(0x86, FALSE);
      00018B C2 F0            [12]  956 	clr	b[0]
      00018D 85 F0*00         [24]  957 	mov	bits,b
      000190 75 82 86         [24]  958 	mov	dpl,#0x86
      000193 12r1Br40         [24]  959 	lcall	_usart_tx_b
                                    960 ;	isp.c:87: for (i = 0; i < rx_message[2]; i++) {
      000196 75*01 00         [24]  961 	mov	_i,#0x00
      000199                        962 00158$:
      000199 90r00r02         [24]  963 	mov	dptr,#(_rx_message + 0x0002)
      00019C E0               [24]  964 	movx	a,@dptr
      00019D FF               [12]  965 	mov	r7,a
      00019E C3               [12]  966 	clr	c
      00019F E5*01            [12]  967 	mov	a,_i
      0001A1 9F               [12]  968 	subb	a,r7
      0001A2 50 3D            [24]  969 	jnc	00108$
                                    970 ;	isp.c:91: usart_tx_b(flash_buffer[i] & 0xFF, FALSE);
      0001A4 E5*01            [12]  971 	mov	a,_i
      0001A6 75 F0 02         [24]  972 	mov	b,#0x02
      0001A9 A4               [48]  973 	mul	ab
      0001AA 24r8C            [12]  974 	add	a,#_flash_buffer
      0001AC F5 82            [12]  975 	mov	dpl,a
      0001AE 74s00            [12]  976 	mov	a,#(_flash_buffer >> 8)
      0001B0 35 F0            [12]  977 	addc	a,b
      0001B2 F5 83            [12]  978 	mov	dph,a
      0001B4 E0               [24]  979 	movx	a,@dptr
      0001B5 FF               [12]  980 	mov	r7,a
      0001B6 C2 F0            [12]  981 	clr	b[0]
      0001B8 85 F0*00         [24]  982 	mov	bits,b
      0001BB 8F 82            [24]  983 	mov	dpl,r7
      0001BD 12r1Br40         [24]  984 	lcall	_usart_tx_b
                                    985 ;	isp.c:92: usart_tx_b(flash_buffer[i] >> 8, FALSE);
      0001C0 E5*01            [12]  986 	mov	a,_i
      0001C2 75 F0 02         [24]  987 	mov	b,#0x02
      0001C5 A4               [48]  988 	mul	ab
      0001C6 24r8C            [12]  989 	add	a,#_flash_buffer
      0001C8 F5 82            [12]  990 	mov	dpl,a
      0001CA 74s00            [12]  991 	mov	a,#(_flash_buffer >> 8)
      0001CC 35 F0            [12]  992 	addc	a,b
      0001CE F5 83            [12]  993 	mov	dph,a
      0001D0 E0               [24]  994 	movx	a,@dptr
      0001D1 A3               [24]  995 	inc	dptr
      0001D2 E0               [24]  996 	movx	a,@dptr
      0001D3 F5 82            [12]  997 	mov	dpl,a
      0001D5 C2 F0            [12]  998 	clr	b[0]
      0001D7 85 F0*00         [24]  999 	mov	bits,b
      0001DA 12r1Br40         [24] 1000 	lcall	_usart_tx_b
                                   1001 ;	isp.c:87: for (i = 0; i < rx_message[2]; i++) {
      0001DD 05*01            [12] 1002 	inc	_i
      0001DF 80 B8            [24] 1003 	sjmp	00158$
      0001E1                       1004 00108$:
                                   1005 ;	isp.c:94: CDC_flush();
      0001E1 12r00r00         [24] 1006 	lcall	_CDC_flush
                                   1007 ;	isp.c:95: rx_state = 0;
      0001E4 75*03 00         [24] 1008 	mov	_rx_state,#0x00
                                   1009 ;	isp.c:96: break;
      0001E7 02r0Br54         [24] 1010 	ljmp	00148$
                                   1011 ;	isp.c:98: case 0x07: // p16a_mass_erase
      0001EA                       1012 00109$:
                                   1013 ;	isp.c:99: isp_mass_erase();
      0001EA 12r0DrF0         [24] 1014 	lcall	_isp_mass_erase
                                   1015 ;	isp.c:100: usart_tx_b (0x87, TRUE);
      0001ED D2 F0            [12] 1016 	setb	b[0]
      0001EF 85 F0*00         [24] 1017 	mov	bits,b
      0001F2 75 82 87         [24] 1018 	mov	dpl,#0x87
      0001F5 12r1Br40         [24] 1019 	lcall	_usart_tx_b
                                   1020 ;	isp.c:101: rx_state = 0;
      0001F8 75*03 00         [24] 1021 	mov	_rx_state,#0x00
                                   1022 ;	isp.c:102: break;
      0001FB 02r0Br54         [24] 1023 	ljmp	00148$
                                   1024 ;	isp.c:104: case 0x08: // p16a_program_page
      0001FE                       1025 00110$:
                                   1026 ;	isp.c:105: for (i = 0; i < rx_message[2] / 2; i++)
      0001FE 75*01 00         [24] 1027 	mov	_i,#0x00
      000201                       1028 00161$:
      000201 90r00r02         [24] 1029 	mov	dptr,#(_rx_message + 0x0002)
      000204 E0               [24] 1030 	movx	a,@dptr
      000205 FF               [12] 1031 	mov	r7,a
      000206 7E 00            [12] 1032 	mov	r6,#0x00
      000208 74 02            [12] 1033 	mov	a,#0x02
      00020A C0 E0            [24] 1034 	push	acc
      00020C E4               [12] 1035 	clr	a
      00020D C0 E0            [24] 1036 	push	acc
      00020F 8F 82            [24] 1037 	mov	dpl,r7
      000211 8E 83            [24] 1038 	mov	dph,r6
      000213 12r00r00         [24] 1039 	lcall	__divsint
      000216 AE 82            [24] 1040 	mov	r6,dpl
      000218 AF 83            [24] 1041 	mov	r7,dph
      00021A 15 81            [12] 1042 	dec	sp
      00021C 15 81            [12] 1043 	dec	sp
      00021E AC*01            [24] 1044 	mov	r4,_i
      000220 7D 00            [12] 1045 	mov	r5,#0x00
      000222 C3               [12] 1046 	clr	c
      000223 EC               [12] 1047 	mov	a,r4
      000224 9E               [12] 1048 	subb	a,r6
      000225 ED               [12] 1049 	mov	a,r5
      000226 64 80            [12] 1050 	xrl	a,#0x80
      000228 8F F0            [24] 1051 	mov	b,r7
      00022A 63 F0 80         [24] 1052 	xrl	b,#0x80
      00022D 95 F0            [12] 1053 	subb	a,b
      00022F 50 51            [24] 1054 	jnc	00111$
                                   1055 ;	isp.c:106: flash_buffer[i] = (((unsigned int)(rx_message[(2 * i) + 1 + 4])) << 8) +
      000231 E5*01            [12] 1056 	mov	a,_i
      000233 75 F0 02         [24] 1057 	mov	b,#0x02
      000236 A4               [48] 1058 	mul	ab
      000237 24r8C            [12] 1059 	add	a,#_flash_buffer
      000239 FA               [12] 1060 	mov	r2,a
      00023A 74s00            [12] 1061 	mov	a,#(_flash_buffer >> 8)
      00023C 35 F0            [12] 1062 	addc	a,b
      00023E FB               [12] 1063 	mov	r3,a
      00023F EC               [12] 1064 	mov	a,r4
      000240 2C               [12] 1065 	add	a,r4
      000241 FC               [12] 1066 	mov	r4,a
      000242 ED               [12] 1067 	mov	a,r5
      000243 33               [12] 1068 	rlc	a
      000244 FD               [12] 1069 	mov	r5,a
      000245 74 05            [12] 1070 	mov	a,#0x05
      000247 2C               [12] 1071 	add	a,r4
      000248 F8               [12] 1072 	mov	r0,a
      000249 E4               [12] 1073 	clr	a
      00024A 3D               [12] 1074 	addc	a,r5
      00024B F9               [12] 1075 	mov	r1,a
      00024C E8               [12] 1076 	mov	a,r0
      00024D 24r00            [12] 1077 	add	a,#_rx_message
      00024F F5 82            [12] 1078 	mov	dpl,a
      000251 E9               [12] 1079 	mov	a,r1
      000252 34s00            [12] 1080 	addc	a,#(_rx_message >> 8)
      000254 F5 83            [12] 1081 	mov	dph,a
      000256 E0               [24] 1082 	movx	a,@dptr
      000257 F9               [12] 1083 	mov	r1,a
      000258 78 00            [12] 1084 	mov	r0,#0x00
                                   1085 ;	isp.c:107: (((unsigned int)(rx_message[(2 * i) + 0 + 4])) << 0);
      00025A 74 04            [12] 1086 	mov	a,#0x04
      00025C 2C               [12] 1087 	add	a,r4
      00025D FC               [12] 1088 	mov	r4,a
      00025E E4               [12] 1089 	clr	a
      00025F 3D               [12] 1090 	addc	a,r5
      000260 FD               [12] 1091 	mov	r5,a
      000261 EC               [12] 1092 	mov	a,r4
      000262 24r00            [12] 1093 	add	a,#_rx_message
      000264 F5 82            [12] 1094 	mov	dpl,a
      000266 ED               [12] 1095 	mov	a,r5
      000267 34s00            [12] 1096 	addc	a,#(_rx_message >> 8)
      000269 F5 83            [12] 1097 	mov	dph,a
      00026B E0               [24] 1098 	movx	a,@dptr
      00026C FD               [12] 1099 	mov	r5,a
      00026D 7C 00            [12] 1100 	mov	r4,#0x00
      00026F 28               [12] 1101 	add	a,r0
      000270 F8               [12] 1102 	mov	r0,a
      000271 EC               [12] 1103 	mov	a,r4
      000272 39               [12] 1104 	addc	a,r1
      000273 F9               [12] 1105 	mov	r1,a
      000274 8A 82            [24] 1106 	mov	dpl,r2
      000276 8B 83            [24] 1107 	mov	dph,r3
      000278 E8               [12] 1108 	mov	a,r0
      000279 F0               [24] 1109 	movx	@dptr,a
      00027A E9               [12] 1110 	mov	a,r1
      00027B A3               [24] 1111 	inc	dptr
      00027C F0               [24] 1112 	movx	@dptr,a
                                   1113 ;	isp.c:105: for (i = 0; i < rx_message[2] / 2; i++)
      00027D 05*01            [12] 1114 	inc	_i
      00027F 02r02r01         [24] 1115 	ljmp	00161$
      000282                       1116 00111$:
                                   1117 ;	isp.c:108: isp_write_pgm(flash_buffer, rx_message[2] / 2, rx_message[3]);
      000282 90r00r03         [24] 1118 	mov	dptr,#(_rx_message + 0x0003)
      000285 E0               [24] 1119 	movx	a,@dptr
      000286 FD               [12] 1120 	mov	r5,a
      000287 C0 05            [24] 1121 	push	ar5
      000289 C0 06            [24] 1122 	push	ar6
      00028B 90r00r8C         [24] 1123 	mov	dptr,#_flash_buffer
      00028E 75 F0 00         [24] 1124 	mov	b,#0x00
      000291 12r0Dr03         [24] 1125 	lcall	_isp_write_pgm
      000294 15 81            [12] 1126 	dec	sp
      000296 15 81            [12] 1127 	dec	sp
                                   1128 ;	isp.c:110: usart_tx_b(0x88, TRUE);
      000298 D2 F0            [12] 1129 	setb	b[0]
      00029A 85 F0*00         [24] 1130 	mov	bits,b
      00029D 75 82 88         [24] 1131 	mov	dpl,#0x88
      0002A0 12r1Br40         [24] 1132 	lcall	_usart_tx_b
                                   1133 ;	isp.c:111: rx_state = 0;
      0002A3 75*03 00         [24] 1134 	mov	_rx_state,#0x00
                                   1135 ;	isp.c:112: break;
      0002A6 02r0Br54         [24] 1136 	ljmp	00148$
                                   1137 ;	isp.c:114: case 0x09: // p16a_rst_pointer D
      0002A9                       1138 00112$:
                                   1139 ;	isp.c:115: isp_reset_pointer_16d();
      0002A9 12r0Er15         [24] 1140 	lcall	_isp_reset_pointer_16d
                                   1141 ;	isp.c:116: usart_tx_b (0x89, TRUE);
      0002AC D2 F0            [12] 1142 	setb	b[0]
      0002AE 85 F0*00         [24] 1143 	mov	bits,b
      0002B1 75 82 89         [24] 1144 	mov	dpl,#0x89
      0002B4 12r1Br40         [24] 1145 	lcall	_usart_tx_b
                                   1146 ;	isp.c:117: rx_state = 0;
      0002B7 75*03 00         [24] 1147 	mov	_rx_state,#0x00
                                   1148 ;	isp.c:118: break;
      0002BA 02r0Br54         [24] 1149 	ljmp	00148$
                                   1150 ;	isp.c:121: case 0x0d: // p16a_read_eeprom D
      0002BD                       1151 00114$:
                                   1152 ;	isp.c:122: eeprom_buf = (unsigned char *)flash_buffer;
      0002BD 75*05r8C         [24] 1153 	mov	_eeprom_buf,#_flash_buffer
      0002C0 75*06s00         [24] 1154 	mov	(_eeprom_buf + 1),#(_flash_buffer >> 8)
      0002C3 75*07 00         [24] 1155 	mov	(_eeprom_buf + 2),#0x00
                                   1156 ;	isp.c:123: if (rx_message[0] == 0x0a) {
      0002C6 90r00r00         [24] 1157 	mov	dptr,#_rx_message
      0002C9 E0               [24] 1158 	movx	a,@dptr
      0002CA FF               [12] 1159 	mov	r7,a
      0002CB BF 0A 28         [24] 1160 	cjne	r7,#0x0a,00118$
                                   1161 ;	isp.c:124: isp_read_eeprom(eeprom_buf, rx_message[2], 'a');
      0002CE 90r00r02         [24] 1162 	mov	dptr,#(_rx_message + 0x0002)
      0002D1 E0               [24] 1163 	movx	a,@dptr
      0002D2 FE               [12] 1164 	mov	r6,a
      0002D3 74 61            [12] 1165 	mov	a,#0x61
      0002D5 C0 E0            [24] 1166 	push	acc
      0002D7 C0 06            [24] 1167 	push	ar6
      0002D9 85*05 82         [24] 1168 	mov	dpl,_eeprom_buf
      0002DC 85*06 83         [24] 1169 	mov	dph,(_eeprom_buf + 1)
      0002DF 85*07 F0         [24] 1170 	mov	b,(_eeprom_buf + 2)
      0002E2 12r0Cr3F         [24] 1171 	lcall	_isp_read_eeprom
      0002E5 15 81            [12] 1172 	dec	sp
      0002E7 15 81            [12] 1173 	dec	sp
                                   1174 ;	isp.c:125: usart_tx_b(0x8a, FALSE);
      0002E9 C2 F0            [12] 1175 	clr	b[0]
      0002EB 85 F0*00         [24] 1176 	mov	bits,b
      0002EE 75 82 8A         [24] 1177 	mov	dpl,#0x8a
      0002F1 12r1Br40         [24] 1178 	lcall	_usart_tx_b
      0002F4 80 29            [24] 1179 	sjmp	00119$
      0002F6                       1180 00118$:
                                   1181 ;	isp.c:127: else if (rx_message[0] == 0x0d) {
      0002F6 BF 0D 26         [24] 1182 	cjne	r7,#0x0d,00119$
                                   1183 ;	isp.c:128: isp_read_eeprom(eeprom_buf, rx_message[2], 'd');
      0002F9 90r00r02         [24] 1184 	mov	dptr,#(_rx_message + 0x0002)
      0002FC E0               [24] 1185 	movx	a,@dptr
      0002FD FF               [12] 1186 	mov	r7,a
      0002FE 74 64            [12] 1187 	mov	a,#0x64
      000300 C0 E0            [24] 1188 	push	acc
      000302 C0 07            [24] 1189 	push	ar7
      000304 85*05 82         [24] 1190 	mov	dpl,_eeprom_buf
      000307 85*06 83         [24] 1191 	mov	dph,(_eeprom_buf + 1)
      00030A 85*07 F0         [24] 1192 	mov	b,(_eeprom_buf + 2)
      00030D 12r0Cr3F         [24] 1193 	lcall	_isp_read_eeprom
      000310 15 81            [12] 1194 	dec	sp
      000312 15 81            [12] 1195 	dec	sp
                                   1196 ;	isp.c:129: usart_tx_b(0x8d, FALSE);
      000314 C2 F0            [12] 1197 	clr	b[0]
      000316 85 F0*00         [24] 1198 	mov	bits,b
      000319 75 82 8D         [24] 1199 	mov	dpl,#0x8d
      00031C 12r1Br40         [24] 1200 	lcall	_usart_tx_b
      00031F                       1201 00119$:
                                   1202 ;	isp.c:131: for (i = 0; i < rx_message[2]; i++) {
      00031F 75*01 00         [24] 1203 	mov	_i,#0x00
      000322                       1204 00164$:
      000322 90r00r02         [24] 1205 	mov	dptr,#(_rx_message + 0x0002)
      000325 E0               [24] 1206 	movx	a,@dptr
      000326 FF               [12] 1207 	mov	r7,a
      000327 C3               [12] 1208 	clr	c
      000328 E5*01            [12] 1209 	mov	a,_i
      00032A 9F               [12] 1210 	subb	a,r7
      00032B 50 26            [24] 1211 	jnc	00120$
                                   1212 ;	isp.c:132: usart_tx_b(*eeprom_buf++, FALSE);
      00032D AD*05            [24] 1213 	mov	r5,_eeprom_buf
      00032F AE*06            [24] 1214 	mov	r6,(_eeprom_buf + 1)
      000331 AF*07            [24] 1215 	mov	r7,(_eeprom_buf + 2)
      000333 8D 82            [24] 1216 	mov	dpl,r5
      000335 8E 83            [24] 1217 	mov	dph,r6
      000337 8F F0            [24] 1218 	mov	b,r7
      000339 12r00r00         [24] 1219 	lcall	__gptrget
      00033C FD               [12] 1220 	mov	r5,a
      00033D 05*05            [12] 1221 	inc	_eeprom_buf
      00033F E4               [12] 1222 	clr	a
      000340 B5*05 02         [24] 1223 	cjne	a,_eeprom_buf,00442$
      000343 05*06            [12] 1224 	inc	(_eeprom_buf + 1)
      000345                       1225 00442$:
      000345 C2 F0            [12] 1226 	clr	b[0]
      000347 85 F0*00         [24] 1227 	mov	bits,b
      00034A 8D 82            [24] 1228 	mov	dpl,r5
      00034C 12r1Br40         [24] 1229 	lcall	_usart_tx_b
                                   1230 ;	isp.c:131: for (i = 0; i < rx_message[2]; i++) {
      00034F 05*01            [12] 1231 	inc	_i
      000351 80 CF            [24] 1232 	sjmp	00164$
      000353                       1233 00120$:
                                   1234 ;	isp.c:134: CDC_flush();
      000353 12r00r00         [24] 1235 	lcall	_CDC_flush
                                   1236 ;	isp.c:135: rx_state = 0;
      000356 75*03 00         [24] 1237 	mov	_rx_state,#0x00
                                   1238 ;	isp.c:136: break;
      000359 02r0Br54         [24] 1239 	ljmp	00148$
                                   1240 ;	isp.c:138: case 0x0c: // p16d_set_pointer
      00035C                       1241 00121$:
                                   1242 ;	isp.c:140: isp_set_pointer_16d((uint32_t)rx_message[2] + (uint32_t)(rx_message[3] << 8));
      00035C 90r00r02         [24] 1243 	mov	dptr,#(_rx_message + 0x0002)
      00035F E0               [24] 1244 	movx	a,@dptr
      000360 FF               [12] 1245 	mov	r7,a
      000361 7E 00            [12] 1246 	mov	r6,#0x00
      000363 7D 00            [12] 1247 	mov	r5,#0x00
      000365 7C 00            [12] 1248 	mov	r4,#0x00
      000367 90r00r03         [24] 1249 	mov	dptr,#(_rx_message + 0x0003)
      00036A E0               [24] 1250 	movx	a,@dptr
      00036B FA               [12] 1251 	mov	r2,a
      00036C 7B 00            [12] 1252 	mov	r3,#0x00
      00036E 8B 00            [24] 1253 	mov	ar0,r3
      000370 EA               [12] 1254 	mov	a,r2
      000371 F9               [12] 1255 	mov	r1,a
      000372 33               [12] 1256 	rlc	a
      000373 95 E0            [12] 1257 	subb	a,acc
      000375 FA               [12] 1258 	mov	r2,a
      000376 FB               [12] 1259 	mov	r3,a
      000377 E8               [12] 1260 	mov	a,r0
      000378 2F               [12] 1261 	add	a,r7
      000379 FF               [12] 1262 	mov	r7,a
      00037A E9               [12] 1263 	mov	a,r1
      00037B 3E               [12] 1264 	addc	a,r6
      00037C FE               [12] 1265 	mov	r6,a
      00037D EA               [12] 1266 	mov	a,r2
      00037E 3D               [12] 1267 	addc	a,r5
      00037F FD               [12] 1268 	mov	r5,a
      000380 EB               [12] 1269 	mov	a,r3
      000381 3C               [12] 1270 	addc	a,r4
      000382 8F 82            [24] 1271 	mov	dpl,r7
      000384 8E 83            [24] 1272 	mov	dph,r6
      000386 8D F0            [24] 1273 	mov	b,r5
      000388 12r0Er46         [24] 1274 	lcall	_isp_set_pointer_16d
                                   1275 ;	isp.c:141: usart_tx_b (0x8c, TRUE);
      00038B D2 F0            [12] 1276 	setb	b[0]
      00038D 85 F0*00         [24] 1277 	mov	bits,b
      000390 75 82 8C         [24] 1278 	mov	dpl,#0x8c
      000393 12r1Br40         [24] 1279 	lcall	_usart_tx_b
                                   1280 ;	isp.c:142: rx_state = 0;
      000396 75*03 00         [24] 1281 	mov	_rx_state,#0x00
                                   1282 ;	isp.c:143: break;
      000399 02r0Br54         [24] 1283 	ljmp	00148$
                                   1284 ;	isp.c:145: case 0x10: // prog_enter_progmode
      00039C                       1285 00122$:
                                   1286 ;	isp.c:146: p18_enter_progmode();
      00039C 12r11r05         [24] 1287 	lcall	_p18_enter_progmode
                                   1288 ;	isp.c:147: usart_tx_b (0x90, TRUE);
      00039F D2 F0            [12] 1289 	setb	b[0]
      0003A1 85 F0*00         [24] 1290 	mov	bits,b
      0003A4 75 82 90         [24] 1291 	mov	dpl,#0x90
      0003A7 12r1Br40         [24] 1292 	lcall	_usart_tx_b
                                   1293 ;	isp.c:148: rx_state = 0;
      0003AA 75*03 00         [24] 1294 	mov	_rx_state,#0x00
                                   1295 ;	isp.c:149: break;
      0003AD 02r0Br54         [24] 1296 	ljmp	00148$
                                   1297 ;	isp.c:151: case 0x11: // p18a_read_page
      0003B0                       1298 00123$:
                                   1299 ;	isp.c:152: addr = (((unsigned long)(rx_message[3]))<<16) + (((unsigned long)(rx_message[4]))<<8) + (((unsigned long)(rx_message[5]))<<0);
      0003B0 90r00r03         [24] 1300 	mov	dptr,#(_rx_message + 0x0003)
      0003B3 E0               [24] 1301 	movx	a,@dptr
      0003B4 FF               [12] 1302 	mov	r7,a
      0003B5 7E 00            [12] 1303 	mov	r6,#0x00
      0003B7 8E 04            [24] 1304 	mov	ar4,r6
      0003B9 8F 05            [24] 1305 	mov	ar5,r7
      0003BB 7F 00            [12] 1306 	mov	r7,#0x00
      0003BD 90r00r04         [24] 1307 	mov	dptr,#(_rx_message + 0x0004)
      0003C0 E0               [24] 1308 	movx	a,@dptr
      0003C1 F8               [12] 1309 	mov	r0,a
      0003C2 79 00            [12] 1310 	mov	r1,#0x00
      0003C4 7A 00            [12] 1311 	mov	r2,#0x00
      0003C6 8A 03            [24] 1312 	mov	ar3,r2
      0003C8 89 02            [24] 1313 	mov	ar2,r1
      0003CA 88 01            [24] 1314 	mov	ar1,r0
      0003CC E4               [12] 1315 	clr	a
      0003CD 2F               [12] 1316 	add	a,r7
      0003CE FF               [12] 1317 	mov	r7,a
      0003CF E9               [12] 1318 	mov	a,r1
      0003D0 3E               [12] 1319 	addc	a,r6
      0003D1 FE               [12] 1320 	mov	r6,a
      0003D2 EA               [12] 1321 	mov	a,r2
      0003D3 3D               [12] 1322 	addc	a,r5
      0003D4 FD               [12] 1323 	mov	r5,a
      0003D5 EB               [12] 1324 	mov	a,r3
      0003D6 3C               [12] 1325 	addc	a,r4
      0003D7 FC               [12] 1326 	mov	r4,a
      0003D8 90r00r05         [24] 1327 	mov	dptr,#(_rx_message + 0x0005)
      0003DB E0               [24] 1328 	movx	a,@dptr
      0003DC F8               [12] 1329 	mov	r0,a
      0003DD E4               [12] 1330 	clr	a
      0003DE F9               [12] 1331 	mov	r1,a
      0003DF FB               [12] 1332 	mov	r3,a
      0003E0 E8               [12] 1333 	mov	a,r0
      0003E1 2F               [12] 1334 	add	a,r7
      0003E2 F5*0A            [12] 1335 	mov	_addr,a
      0003E4 E9               [12] 1336 	mov	a,r1
      0003E5 3E               [12] 1337 	addc	a,r6
      0003E6 F5*0B            [12] 1338 	mov	(_addr + 1),a
      0003E8 EA               [12] 1339 	mov	a,r2
      0003E9 3D               [12] 1340 	addc	a,r5
      0003EA F5*0C            [12] 1341 	mov	(_addr + 2),a
      0003EC EB               [12] 1342 	mov	a,r3
      0003ED 3C               [12] 1343 	addc	a,r4
      0003EE F5*0D            [12] 1344 	mov	(_addr + 3),a
                                   1345 ;	isp.c:153: p_18_isp_read_pgm (flash_buffer, addr, rx_message[2]);
      0003F0 90r00r02         [24] 1346 	mov	dptr,#(_rx_message + 0x0002)
      0003F3 E0               [24] 1347 	movx	a,@dptr
      0003F4 FF               [12] 1348 	mov	r7,a
      0003F5 C0 07            [24] 1349 	push	ar7
      0003F7 C0*0A            [24] 1350 	push	_addr
      0003F9 C0*0B            [24] 1351 	push	(_addr + 1)
      0003FB C0*0C            [24] 1352 	push	(_addr + 2)
      0003FD C0*0D            [24] 1353 	push	(_addr + 3)
      0003FF 90r00r8C         [24] 1354 	mov	dptr,#_flash_buffer
      000402 75 F0 00         [24] 1355 	mov	b,#0x00
      000405 12r16r73         [24] 1356 	lcall	_p_18_isp_read_pgm
      000408 E5 81            [12] 1357 	mov	a,sp
      00040A 24 FB            [12] 1358 	add	a,#0xfb
      00040C F5 81            [12] 1359 	mov	sp,a
                                   1360 ;	isp.c:154: usart_tx_b (0x91, FALSE);
      00040E C2 F0            [12] 1361 	clr	b[0]
      000410 85 F0*00         [24] 1362 	mov	bits,b
      000413 75 82 91         [24] 1363 	mov	dpl,#0x91
      000416 12r1Br40         [24] 1364 	lcall	_usart_tx_b
                                   1365 ;	isp.c:155: for (i=0;i<rx_message[2];i++) {
      000419 75*01 00         [24] 1366 	mov	_i,#0x00
      00041C                       1367 00167$:
      00041C 90r00r02         [24] 1368 	mov	dptr,#(_rx_message + 0x0002)
      00041F E0               [24] 1369 	movx	a,@dptr
      000420 FF               [12] 1370 	mov	r7,a
      000421 C3               [12] 1371 	clr	c
      000422 E5*01            [12] 1372 	mov	a,_i
      000424 9F               [12] 1373 	subb	a,r7
      000425 50 3D            [24] 1374 	jnc	00124$
                                   1375 ;	isp.c:156: usart_tx_b (flash_buffer[i]&0xFF, FALSE);
      000427 E5*01            [12] 1376 	mov	a,_i
      000429 75 F0 02         [24] 1377 	mov	b,#0x02
      00042C A4               [48] 1378 	mul	ab
      00042D 24r8C            [12] 1379 	add	a,#_flash_buffer
      00042F F5 82            [12] 1380 	mov	dpl,a
      000431 74s00            [12] 1381 	mov	a,#(_flash_buffer >> 8)
      000433 35 F0            [12] 1382 	addc	a,b
      000435 F5 83            [12] 1383 	mov	dph,a
      000437 E0               [24] 1384 	movx	a,@dptr
      000438 FF               [12] 1385 	mov	r7,a
      000439 C2 F0            [12] 1386 	clr	b[0]
      00043B 85 F0*00         [24] 1387 	mov	bits,b
      00043E 8F 82            [24] 1388 	mov	dpl,r7
      000440 12r1Br40         [24] 1389 	lcall	_usart_tx_b
                                   1390 ;	isp.c:157: usart_tx_b (flash_buffer[i]>>8, FALSE);
      000443 E5*01            [12] 1391 	mov	a,_i
      000445 75 F0 02         [24] 1392 	mov	b,#0x02
      000448 A4               [48] 1393 	mul	ab
      000449 24r8C            [12] 1394 	add	a,#_flash_buffer
      00044B F5 82            [12] 1395 	mov	dpl,a
      00044D 74s00            [12] 1396 	mov	a,#(_flash_buffer >> 8)
      00044F 35 F0            [12] 1397 	addc	a,b
      000451 F5 83            [12] 1398 	mov	dph,a
      000453 E0               [24] 1399 	movx	a,@dptr
      000454 A3               [24] 1400 	inc	dptr
      000455 E0               [24] 1401 	movx	a,@dptr
      000456 F5 82            [12] 1402 	mov	dpl,a
      000458 C2 F0            [12] 1403 	clr	b[0]
      00045A 85 F0*00         [24] 1404 	mov	bits,b
      00045D 12r1Br40         [24] 1405 	lcall	_usart_tx_b
                                   1406 ;	isp.c:155: for (i=0;i<rx_message[2];i++) {
      000460 05*01            [12] 1407 	inc	_i
      000462 80 B8            [24] 1408 	sjmp	00167$
      000464                       1409 00124$:
                                   1410 ;	isp.c:159: CDC_flush();
      000464 12r00r00         [24] 1411 	lcall	_CDC_flush
                                   1412 ;	isp.c:160: rx_state = 0;
      000467 75*03 00         [24] 1413 	mov	_rx_state,#0x00
                                   1414 ;	isp.c:161: break;
      00046A 02r0Br54         [24] 1415 	ljmp	00148$
                                   1416 ;	isp.c:163: case 0x12: // p18a_write_page
      00046D                       1417 00125$:
                                   1418 ;	isp.c:164: addr = (((unsigned long)(rx_message[3]))<<16) + (((unsigned long)(rx_message[4]))<<8) + (((unsigned long)(rx_message[5]))<<0);
      00046D 90r00r03         [24] 1419 	mov	dptr,#(_rx_message + 0x0003)
      000470 E0               [24] 1420 	movx	a,@dptr
      000471 FF               [12] 1421 	mov	r7,a
      000472 7E 00            [12] 1422 	mov	r6,#0x00
      000474 8E 04            [24] 1423 	mov	ar4,r6
      000476 8F 05            [24] 1424 	mov	ar5,r7
      000478 7F 00            [12] 1425 	mov	r7,#0x00
      00047A 90r00r04         [24] 1426 	mov	dptr,#(_rx_message + 0x0004)
      00047D E0               [24] 1427 	movx	a,@dptr
      00047E F8               [12] 1428 	mov	r0,a
      00047F 79 00            [12] 1429 	mov	r1,#0x00
      000481 7A 00            [12] 1430 	mov	r2,#0x00
      000483 8A 03            [24] 1431 	mov	ar3,r2
      000485 89 02            [24] 1432 	mov	ar2,r1
      000487 88 01            [24] 1433 	mov	ar1,r0
      000489 E4               [12] 1434 	clr	a
      00048A 2F               [12] 1435 	add	a,r7
      00048B FF               [12] 1436 	mov	r7,a
      00048C E9               [12] 1437 	mov	a,r1
      00048D 3E               [12] 1438 	addc	a,r6
      00048E FE               [12] 1439 	mov	r6,a
      00048F EA               [12] 1440 	mov	a,r2
      000490 3D               [12] 1441 	addc	a,r5
      000491 FD               [12] 1442 	mov	r5,a
      000492 EB               [12] 1443 	mov	a,r3
      000493 3C               [12] 1444 	addc	a,r4
      000494 FC               [12] 1445 	mov	r4,a
      000495 90r00r05         [24] 1446 	mov	dptr,#(_rx_message + 0x0005)
      000498 E0               [24] 1447 	movx	a,@dptr
      000499 F8               [12] 1448 	mov	r0,a
      00049A E4               [12] 1449 	clr	a
      00049B F9               [12] 1450 	mov	r1,a
      00049C FB               [12] 1451 	mov	r3,a
      00049D E8               [12] 1452 	mov	a,r0
      00049E 2F               [12] 1453 	add	a,r7
      00049F F5*0A            [12] 1454 	mov	_addr,a
      0004A1 E9               [12] 1455 	mov	a,r1
      0004A2 3E               [12] 1456 	addc	a,r6
      0004A3 F5*0B            [12] 1457 	mov	(_addr + 1),a
      0004A5 EA               [12] 1458 	mov	a,r2
      0004A6 3D               [12] 1459 	addc	a,r5
      0004A7 F5*0C            [12] 1460 	mov	(_addr + 2),a
      0004A9 EB               [12] 1461 	mov	a,r3
      0004AA 3C               [12] 1462 	addc	a,r4
      0004AB F5*0D            [12] 1463 	mov	(_addr + 3),a
                                   1464 ;	isp.c:165: for (i=0;i<rx_message[2]/2;i++)
      0004AD 8F*01            [24] 1465 	mov	_i,r7
      0004AF                       1466 00170$:
      0004AF 90r00r02         [24] 1467 	mov	dptr,#(_rx_message + 0x0002)
      0004B2 E0               [24] 1468 	movx	a,@dptr
      0004B3 FF               [12] 1469 	mov	r7,a
      0004B4 7E 00            [12] 1470 	mov	r6,#0x00
      0004B6 74 02            [12] 1471 	mov	a,#0x02
      0004B8 C0 E0            [24] 1472 	push	acc
      0004BA E4               [12] 1473 	clr	a
      0004BB C0 E0            [24] 1474 	push	acc
      0004BD 8F 82            [24] 1475 	mov	dpl,r7
      0004BF 8E 83            [24] 1476 	mov	dph,r6
      0004C1 12r00r00         [24] 1477 	lcall	__divsint
      0004C4 AE 82            [24] 1478 	mov	r6,dpl
      0004C6 AF 83            [24] 1479 	mov	r7,dph
      0004C8 15 81            [12] 1480 	dec	sp
      0004CA 15 81            [12] 1481 	dec	sp
      0004CC AC*01            [24] 1482 	mov	r4,_i
      0004CE 7D 00            [12] 1483 	mov	r5,#0x00
      0004D0 C3               [12] 1484 	clr	c
      0004D1 EC               [12] 1485 	mov	a,r4
      0004D2 9E               [12] 1486 	subb	a,r6
      0004D3 ED               [12] 1487 	mov	a,r5
      0004D4 64 80            [12] 1488 	xrl	a,#0x80
      0004D6 8F F0            [24] 1489 	mov	b,r7
      0004D8 63 F0 80         [24] 1490 	xrl	b,#0x80
      0004DB 95 F0            [12] 1491 	subb	a,b
      0004DD 50 51            [24] 1492 	jnc	00126$
                                   1493 ;	isp.c:166: flash_buffer[i] = (((unsigned int)(rx_message[(2*i)+1+6]))<<8) + (((unsigned int)(rx_message[(2*i)+0+6]))<<0);
      0004DF E5*01            [12] 1494 	mov	a,_i
      0004E1 75 F0 02         [24] 1495 	mov	b,#0x02
      0004E4 A4               [48] 1496 	mul	ab
      0004E5 24r8C            [12] 1497 	add	a,#_flash_buffer
      0004E7 FA               [12] 1498 	mov	r2,a
      0004E8 74s00            [12] 1499 	mov	a,#(_flash_buffer >> 8)
      0004EA 35 F0            [12] 1500 	addc	a,b
      0004EC FB               [12] 1501 	mov	r3,a
      0004ED EC               [12] 1502 	mov	a,r4
      0004EE 2C               [12] 1503 	add	a,r4
      0004EF FC               [12] 1504 	mov	r4,a
      0004F0 ED               [12] 1505 	mov	a,r5
      0004F1 33               [12] 1506 	rlc	a
      0004F2 FD               [12] 1507 	mov	r5,a
      0004F3 74 07            [12] 1508 	mov	a,#0x07
      0004F5 2C               [12] 1509 	add	a,r4
      0004F6 F8               [12] 1510 	mov	r0,a
      0004F7 E4               [12] 1511 	clr	a
      0004F8 3D               [12] 1512 	addc	a,r5
      0004F9 F9               [12] 1513 	mov	r1,a
      0004FA E8               [12] 1514 	mov	a,r0
      0004FB 24r00            [12] 1515 	add	a,#_rx_message
      0004FD F5 82            [12] 1516 	mov	dpl,a
      0004FF E9               [12] 1517 	mov	a,r1
      000500 34s00            [12] 1518 	addc	a,#(_rx_message >> 8)
      000502 F5 83            [12] 1519 	mov	dph,a
      000504 E0               [24] 1520 	movx	a,@dptr
      000505 F9               [12] 1521 	mov	r1,a
      000506 78 00            [12] 1522 	mov	r0,#0x00
      000508 74 06            [12] 1523 	mov	a,#0x06
      00050A 2C               [12] 1524 	add	a,r4
      00050B FC               [12] 1525 	mov	r4,a
      00050C E4               [12] 1526 	clr	a
      00050D 3D               [12] 1527 	addc	a,r5
      00050E FD               [12] 1528 	mov	r5,a
      00050F EC               [12] 1529 	mov	a,r4
      000510 24r00            [12] 1530 	add	a,#_rx_message
      000512 F5 82            [12] 1531 	mov	dpl,a
      000514 ED               [12] 1532 	mov	a,r5
      000515 34s00            [12] 1533 	addc	a,#(_rx_message >> 8)
      000517 F5 83            [12] 1534 	mov	dph,a
      000519 E0               [24] 1535 	movx	a,@dptr
      00051A FD               [12] 1536 	mov	r5,a
      00051B 7C 00            [12] 1537 	mov	r4,#0x00
      00051D 28               [12] 1538 	add	a,r0
      00051E F8               [12] 1539 	mov	r0,a
      00051F EC               [12] 1540 	mov	a,r4
      000520 39               [12] 1541 	addc	a,r1
      000521 F9               [12] 1542 	mov	r1,a
      000522 8A 82            [24] 1543 	mov	dpl,r2
      000524 8B 83            [24] 1544 	mov	dph,r3
      000526 E8               [12] 1545 	mov	a,r0
      000527 F0               [24] 1546 	movx	@dptr,a
      000528 E9               [12] 1547 	mov	a,r1
      000529 A3               [24] 1548 	inc	dptr
      00052A F0               [24] 1549 	movx	@dptr,a
                                   1550 ;	isp.c:165: for (i=0;i<rx_message[2]/2;i++)
      00052B 05*01            [12] 1551 	inc	_i
      00052D 02r04rAF         [24] 1552 	ljmp	00170$
      000530                       1553 00126$:
                                   1554 ;	isp.c:167: p18_isp_write_pgm (flash_buffer, addr, rx_message[2]/2);
      000530 C0 06            [24] 1555 	push	ar6
      000532 C0*0A            [24] 1556 	push	_addr
      000534 C0*0B            [24] 1557 	push	(_addr + 1)
      000536 C0*0C            [24] 1558 	push	(_addr + 2)
      000538 C0*0D            [24] 1559 	push	(_addr + 3)
      00053A 90r00r8C         [24] 1560 	mov	dptr,#_flash_buffer
      00053D 75 F0 00         [24] 1561 	mov	b,#0x00
      000540 12r13rC6         [24] 1562 	lcall	_p18_isp_write_pgm
      000543 E5 81            [12] 1563 	mov	a,sp
      000545 24 FB            [12] 1564 	add	a,#0xfb
      000547 F5 81            [12] 1565 	mov	sp,a
                                   1566 ;	isp.c:168: usart_tx_b (0x92, TRUE);
      000549 D2 F0            [12] 1567 	setb	b[0]
      00054B 85 F0*00         [24] 1568 	mov	bits,b
      00054E 75 82 92         [24] 1569 	mov	dpl,#0x92
      000551 12r1Br40         [24] 1570 	lcall	_usart_tx_b
                                   1571 ;	isp.c:169: rx_state = 0;
      000554 75*03 00         [24] 1572 	mov	_rx_state,#0x00
                                   1573 ;	isp.c:170: break;
      000557 02r0Br54         [24] 1574 	ljmp	00148$
                                   1575 ;	isp.c:172: case 0x13: // p18a_mass_erase
      00055A                       1576 00127$:
                                   1577 ;	isp.c:173: p18_isp_mass_erase();
      00055A 12r11r31         [24] 1578 	lcall	_p18_isp_mass_erase
                                   1579 ;	isp.c:174: usart_tx_b (0x93, TRUE);
      00055D D2 F0            [12] 1580 	setb	b[0]
      00055F 85 F0*00         [24] 1581 	mov	bits,b
      000562 75 82 93         [24] 1582 	mov	dpl,#0x93
      000565 12r1Br40         [24] 1583 	lcall	_usart_tx_b
                                   1584 ;	isp.c:175: rx_state = 0;
      000568 75*03 00         [24] 1585 	mov	_rx_state,#0x00
                                   1586 ;	isp.c:176: break;
      00056B 02r0Br54         [24] 1587 	ljmp	00148$
                                   1588 ;	isp.c:178: case 0x14: // p18a_write_cfg
      00056E                       1589 00128$:
                                   1590 ;	isp.c:179: addr = (((unsigned long)(rx_message[3]))<<16) + (((unsigned long)(rx_message[4]))<<8) + (((unsigned long)(rx_message[5]))<<0);
      00056E 90r00r03         [24] 1591 	mov	dptr,#(_rx_message + 0x0003)
      000571 E0               [24] 1592 	movx	a,@dptr
      000572 FF               [12] 1593 	mov	r7,a
      000573 7E 00            [12] 1594 	mov	r6,#0x00
      000575 8E 04            [24] 1595 	mov	ar4,r6
      000577 8F 05            [24] 1596 	mov	ar5,r7
      000579 7F 00            [12] 1597 	mov	r7,#0x00
      00057B 90r00r04         [24] 1598 	mov	dptr,#(_rx_message + 0x0004)
      00057E E0               [24] 1599 	movx	a,@dptr
      00057F F8               [12] 1600 	mov	r0,a
      000580 79 00            [12] 1601 	mov	r1,#0x00
      000582 7A 00            [12] 1602 	mov	r2,#0x00
      000584 8A 03            [24] 1603 	mov	ar3,r2
      000586 89 02            [24] 1604 	mov	ar2,r1
      000588 88 01            [24] 1605 	mov	ar1,r0
      00058A E4               [12] 1606 	clr	a
      00058B 2F               [12] 1607 	add	a,r7
      00058C FF               [12] 1608 	mov	r7,a
      00058D E9               [12] 1609 	mov	a,r1
      00058E 3E               [12] 1610 	addc	a,r6
      00058F FE               [12] 1611 	mov	r6,a
      000590 EA               [12] 1612 	mov	a,r2
      000591 3D               [12] 1613 	addc	a,r5
      000592 FD               [12] 1614 	mov	r5,a
      000593 EB               [12] 1615 	mov	a,r3
      000594 3C               [12] 1616 	addc	a,r4
      000595 FC               [12] 1617 	mov	r4,a
      000596 90r00r05         [24] 1618 	mov	dptr,#(_rx_message + 0x0005)
      000599 E0               [24] 1619 	movx	a,@dptr
      00059A F8               [12] 1620 	mov	r0,a
      00059B E4               [12] 1621 	clr	a
      00059C F9               [12] 1622 	mov	r1,a
      00059D FB               [12] 1623 	mov	r3,a
      00059E E8               [12] 1624 	mov	a,r0
      00059F 2F               [12] 1625 	add	a,r7
      0005A0 F5*0A            [12] 1626 	mov	_addr,a
      0005A2 E9               [12] 1627 	mov	a,r1
      0005A3 3E               [12] 1628 	addc	a,r6
      0005A4 F5*0B            [12] 1629 	mov	(_addr + 1),a
      0005A6 EA               [12] 1630 	mov	a,r2
      0005A7 3D               [12] 1631 	addc	a,r5
      0005A8 F5*0C            [12] 1632 	mov	(_addr + 2),a
      0005AA EB               [12] 1633 	mov	a,r3
      0005AB 3C               [12] 1634 	addc	a,r4
      0005AC F5*0D            [12] 1635 	mov	(_addr + 3),a
                                   1636 ;	isp.c:180: p18_isp_write_cfg (rx_message[6],rx_message[7], addr);
      0005AE 90r00r07         [24] 1637 	mov	dptr,#(_rx_message + 0x0007)
      0005B1 E0               [24] 1638 	movx	a,@dptr
      0005B2 FF               [12] 1639 	mov	r7,a
      0005B3 90r00r06         [24] 1640 	mov	dptr,#(_rx_message + 0x0006)
      0005B6 E0               [24] 1641 	movx	a,@dptr
      0005B7 FE               [12] 1642 	mov	r6,a
      0005B8 C0*0A            [24] 1643 	push	_addr
      0005BA C0*0B            [24] 1644 	push	(_addr + 1)
      0005BC C0*0C            [24] 1645 	push	(_addr + 2)
      0005BE C0*0D            [24] 1646 	push	(_addr + 3)
      0005C0 C0 07            [24] 1647 	push	ar7
      0005C2 8E 82            [24] 1648 	mov	dpl,r6
      0005C4 12r14rCB         [24] 1649 	lcall	_p18_isp_write_cfg
      0005C7 E5 81            [12] 1650 	mov	a,sp
      0005C9 24 FB            [12] 1651 	add	a,#0xfb
      0005CB F5 81            [12] 1652 	mov	sp,a
                                   1653 ;	isp.c:181: usart_tx_b (0x94, TRUE);
      0005CD D2 F0            [12] 1654 	setb	b[0]
      0005CF 85 F0*00         [24] 1655 	mov	bits,b
      0005D2 75 82 94         [24] 1656 	mov	dpl,#0x94
      0005D5 12r1Br40         [24] 1657 	lcall	_usart_tx_b
                                   1658 ;	isp.c:182: rx_state = 0;
      0005D8 75*03 00         [24] 1659 	mov	_rx_state,#0x00
                                   1660 ;	isp.c:183: break;
      0005DB 02r0Br54         [24] 1661 	ljmp	00148$
                                   1662 ;	isp.c:185: case 0x23: // p18b_mass_erase
      0005DE                       1663 00129$:
                                   1664 ;	isp.c:186: p18fj_isp_mass_erase();
      0005DE 12r11r93         [24] 1665 	lcall	_p18fj_isp_mass_erase
                                   1666 ;	isp.c:187: usart_tx_b (0xA3, TRUE);
      0005E1 D2 F0            [12] 1667 	setb	b[0]
      0005E3 85 F0*00         [24] 1668 	mov	bits,b
      0005E6 75 82 A3         [24] 1669 	mov	dpl,#0xa3
      0005E9 12r1Br40         [24] 1670 	lcall	_usart_tx_b
                                   1671 ;	isp.c:188: rx_state = 0;
      0005EC 75*03 00         [24] 1672 	mov	_rx_state,#0x00
                                   1673 ;	isp.c:189: break;
      0005EF 02r0Br54         [24] 1674 	ljmp	00148$
                                   1675 ;	isp.c:191: case 0x30: // p18d_mass_erase_part
      0005F2                       1676 00130$:
                                   1677 ;	isp.c:192: p18fk_isp_mass_erase (rx_message[2], rx_message[3], rx_message[4]);
      0005F2 90r00r04         [24] 1678 	mov	dptr,#(_rx_message + 0x0004)
      0005F5 E0               [24] 1679 	movx	a,@dptr
      0005F6 FF               [12] 1680 	mov	r7,a
      0005F7 90r00r03         [24] 1681 	mov	dptr,#(_rx_message + 0x0003)
      0005FA E0               [24] 1682 	movx	a,@dptr
      0005FB FE               [12] 1683 	mov	r6,a
      0005FC 90r00r02         [24] 1684 	mov	dptr,#(_rx_message + 0x0002)
      0005FF E0               [24] 1685 	movx	a,@dptr
      000600 FD               [12] 1686 	mov	r5,a
      000601 C0 07            [24] 1687 	push	ar7
      000603 C0 06            [24] 1688 	push	ar6
      000605 8D 82            [24] 1689 	mov	dpl,r5
      000607 12r11rF5         [24] 1690 	lcall	_p18fk_isp_mass_erase
      00060A 15 81            [12] 1691 	dec	sp
      00060C 15 81            [12] 1692 	dec	sp
                                   1693 ;	isp.c:193: usart_tx_b (0xB0, TRUE);
      00060E D2 F0            [12] 1694 	setb	b[0]
      000610 85 F0*00         [24] 1695 	mov	bits,b
      000613 75 82 B0         [24] 1696 	mov	dpl,#0xb0
      000616 12r1Br40         [24] 1697 	lcall	_usart_tx_b
                                   1698 ;	isp.c:194: rx_state = 0;
      000619 75*03 00         [24] 1699 	mov	_rx_state,#0x00
                                   1700 ;	isp.c:195: break;
      00061C 02r0Br54         [24] 1701 	ljmp	00148$
                                   1702 ;	isp.c:197: case 0x31: // p18d_write_page
      00061F                       1703 00131$:
                                   1704 ;	isp.c:198: addr = (((unsigned long)(rx_message[3]))<<16) + (((unsigned long)(rx_message[4]))<<8) + (((unsigned long)(rx_message[5]))<<0);
      00061F 90r00r03         [24] 1705 	mov	dptr,#(_rx_message + 0x0003)
      000622 E0               [24] 1706 	movx	a,@dptr
      000623 FF               [12] 1707 	mov	r7,a
      000624 7E 00            [12] 1708 	mov	r6,#0x00
      000626 8E 04            [24] 1709 	mov	ar4,r6
      000628 8F 05            [24] 1710 	mov	ar5,r7
      00062A 7F 00            [12] 1711 	mov	r7,#0x00
      00062C 90r00r04         [24] 1712 	mov	dptr,#(_rx_message + 0x0004)
      00062F E0               [24] 1713 	movx	a,@dptr
      000630 F8               [12] 1714 	mov	r0,a
      000631 79 00            [12] 1715 	mov	r1,#0x00
      000633 7A 00            [12] 1716 	mov	r2,#0x00
      000635 8A 03            [24] 1717 	mov	ar3,r2
      000637 89 02            [24] 1718 	mov	ar2,r1
      000639 88 01            [24] 1719 	mov	ar1,r0
      00063B E4               [12] 1720 	clr	a
      00063C 2F               [12] 1721 	add	a,r7
      00063D FF               [12] 1722 	mov	r7,a
      00063E E9               [12] 1723 	mov	a,r1
      00063F 3E               [12] 1724 	addc	a,r6
      000640 FE               [12] 1725 	mov	r6,a
      000641 EA               [12] 1726 	mov	a,r2
      000642 3D               [12] 1727 	addc	a,r5
      000643 FD               [12] 1728 	mov	r5,a
      000644 EB               [12] 1729 	mov	a,r3
      000645 3C               [12] 1730 	addc	a,r4
      000646 FC               [12] 1731 	mov	r4,a
      000647 90r00r05         [24] 1732 	mov	dptr,#(_rx_message + 0x0005)
      00064A E0               [24] 1733 	movx	a,@dptr
      00064B F8               [12] 1734 	mov	r0,a
      00064C E4               [12] 1735 	clr	a
      00064D F9               [12] 1736 	mov	r1,a
      00064E FB               [12] 1737 	mov	r3,a
      00064F E8               [12] 1738 	mov	a,r0
      000650 2F               [12] 1739 	add	a,r7
      000651 F5*0A            [12] 1740 	mov	_addr,a
      000653 E9               [12] 1741 	mov	a,r1
      000654 3E               [12] 1742 	addc	a,r6
      000655 F5*0B            [12] 1743 	mov	(_addr + 1),a
      000657 EA               [12] 1744 	mov	a,r2
      000658 3D               [12] 1745 	addc	a,r5
      000659 F5*0C            [12] 1746 	mov	(_addr + 2),a
      00065B EB               [12] 1747 	mov	a,r3
      00065C 3C               [12] 1748 	addc	a,r4
      00065D F5*0D            [12] 1749 	mov	(_addr + 3),a
                                   1750 ;	isp.c:199: for (i=0;i<rx_message[2]/2;i++)
      00065F 8F*01            [24] 1751 	mov	_i,r7
      000661                       1752 00173$:
      000661 90r00r02         [24] 1753 	mov	dptr,#(_rx_message + 0x0002)
      000664 E0               [24] 1754 	movx	a,@dptr
      000665 FF               [12] 1755 	mov	r7,a
      000666 7E 00            [12] 1756 	mov	r6,#0x00
      000668 74 02            [12] 1757 	mov	a,#0x02
      00066A C0 E0            [24] 1758 	push	acc
      00066C E4               [12] 1759 	clr	a
      00066D C0 E0            [24] 1760 	push	acc
      00066F 8F 82            [24] 1761 	mov	dpl,r7
      000671 8E 83            [24] 1762 	mov	dph,r6
      000673 12r00r00         [24] 1763 	lcall	__divsint
      000676 AE 82            [24] 1764 	mov	r6,dpl
      000678 AF 83            [24] 1765 	mov	r7,dph
      00067A 15 81            [12] 1766 	dec	sp
      00067C 15 81            [12] 1767 	dec	sp
      00067E AC*01            [24] 1768 	mov	r4,_i
      000680 7D 00            [12] 1769 	mov	r5,#0x00
      000682 C3               [12] 1770 	clr	c
      000683 EC               [12] 1771 	mov	a,r4
      000684 9E               [12] 1772 	subb	a,r6
      000685 ED               [12] 1773 	mov	a,r5
      000686 64 80            [12] 1774 	xrl	a,#0x80
      000688 8F F0            [24] 1775 	mov	b,r7
      00068A 63 F0 80         [24] 1776 	xrl	b,#0x80
      00068D 95 F0            [12] 1777 	subb	a,b
      00068F 50 51            [24] 1778 	jnc	00132$
                                   1779 ;	isp.c:200: flash_buffer[i] = (((unsigned int)(rx_message[(2*i)+1+6]))<<8) + (((unsigned int)(rx_message[(2*i)+0+6]))<<0);
      000691 E5*01            [12] 1780 	mov	a,_i
      000693 75 F0 02         [24] 1781 	mov	b,#0x02
      000696 A4               [48] 1782 	mul	ab
      000697 24r8C            [12] 1783 	add	a,#_flash_buffer
      000699 FA               [12] 1784 	mov	r2,a
      00069A 74s00            [12] 1785 	mov	a,#(_flash_buffer >> 8)
      00069C 35 F0            [12] 1786 	addc	a,b
      00069E FB               [12] 1787 	mov	r3,a
      00069F EC               [12] 1788 	mov	a,r4
      0006A0 2C               [12] 1789 	add	a,r4
      0006A1 FC               [12] 1790 	mov	r4,a
      0006A2 ED               [12] 1791 	mov	a,r5
      0006A3 33               [12] 1792 	rlc	a
      0006A4 FD               [12] 1793 	mov	r5,a
      0006A5 74 07            [12] 1794 	mov	a,#0x07
      0006A7 2C               [12] 1795 	add	a,r4
      0006A8 F8               [12] 1796 	mov	r0,a
      0006A9 E4               [12] 1797 	clr	a
      0006AA 3D               [12] 1798 	addc	a,r5
      0006AB F9               [12] 1799 	mov	r1,a
      0006AC E8               [12] 1800 	mov	a,r0
      0006AD 24r00            [12] 1801 	add	a,#_rx_message
      0006AF F5 82            [12] 1802 	mov	dpl,a
      0006B1 E9               [12] 1803 	mov	a,r1
      0006B2 34s00            [12] 1804 	addc	a,#(_rx_message >> 8)
      0006B4 F5 83            [12] 1805 	mov	dph,a
      0006B6 E0               [24] 1806 	movx	a,@dptr
      0006B7 F9               [12] 1807 	mov	r1,a
      0006B8 78 00            [12] 1808 	mov	r0,#0x00
      0006BA 74 06            [12] 1809 	mov	a,#0x06
      0006BC 2C               [12] 1810 	add	a,r4
      0006BD FC               [12] 1811 	mov	r4,a
      0006BE E4               [12] 1812 	clr	a
      0006BF 3D               [12] 1813 	addc	a,r5
      0006C0 FD               [12] 1814 	mov	r5,a
      0006C1 EC               [12] 1815 	mov	a,r4
      0006C2 24r00            [12] 1816 	add	a,#_rx_message
      0006C4 F5 82            [12] 1817 	mov	dpl,a
      0006C6 ED               [12] 1818 	mov	a,r5
      0006C7 34s00            [12] 1819 	addc	a,#(_rx_message >> 8)
      0006C9 F5 83            [12] 1820 	mov	dph,a
      0006CB E0               [24] 1821 	movx	a,@dptr
      0006CC FD               [12] 1822 	mov	r5,a
      0006CD 7C 00            [12] 1823 	mov	r4,#0x00
      0006CF 28               [12] 1824 	add	a,r0
      0006D0 F8               [12] 1825 	mov	r0,a
      0006D1 EC               [12] 1826 	mov	a,r4
      0006D2 39               [12] 1827 	addc	a,r1
      0006D3 F9               [12] 1828 	mov	r1,a
      0006D4 8A 82            [24] 1829 	mov	dpl,r2
      0006D6 8B 83            [24] 1830 	mov	dph,r3
      0006D8 E8               [12] 1831 	mov	a,r0
      0006D9 F0               [24] 1832 	movx	@dptr,a
      0006DA E9               [12] 1833 	mov	a,r1
      0006DB A3               [24] 1834 	inc	dptr
      0006DC F0               [24] 1835 	movx	@dptr,a
                                   1836 ;	isp.c:199: for (i=0;i<rx_message[2]/2;i++)
      0006DD 05*01            [12] 1837 	inc	_i
      0006DF 02r06r61         [24] 1838 	ljmp	00173$
      0006E2                       1839 00132$:
                                   1840 ;	isp.c:201: p18fk_isp_write_pgm (flash_buffer, addr, rx_message[2]/2);
      0006E2 C0 06            [24] 1841 	push	ar6
      0006E4 C0*0A            [24] 1842 	push	_addr
      0006E6 C0*0B            [24] 1843 	push	(_addr + 1)
      0006E8 C0*0C            [24] 1844 	push	(_addr + 2)
      0006EA C0*0D            [24] 1845 	push	(_addr + 3)
      0006EC 90r00r8C         [24] 1846 	mov	dptr,#_flash_buffer
      0006EF 75 F0 00         [24] 1847 	mov	b,#0x00
      0006F2 12r12rC1         [24] 1848 	lcall	_p18fk_isp_write_pgm
      0006F5 E5 81            [12] 1849 	mov	a,sp
      0006F7 24 FB            [12] 1850 	add	a,#0xfb
      0006F9 F5 81            [12] 1851 	mov	sp,a
                                   1852 ;	isp.c:202: usart_tx_b (0xB1, TRUE);
      0006FB D2 F0            [12] 1853 	setb	b[0]
      0006FD 85 F0*00         [24] 1854 	mov	bits,b
      000700 75 82 B1         [24] 1855 	mov	dpl,#0xb1
      000703 12r1Br40         [24] 1856 	lcall	_usart_tx_b
                                   1857 ;	isp.c:203: rx_state = 0;
      000706 75*03 00         [24] 1858 	mov	_rx_state,#0x00
                                   1859 ;	isp.c:204: break;
      000709 02r0Br54         [24] 1860 	ljmp	00148$
                                   1861 ;	isp.c:206: case 0x32: // p18d_write_cfg
      00070C                       1862 00133$:
                                   1863 ;	isp.c:207: addr = (((unsigned long)(rx_message[3]))<<16) + (((unsigned long)(rx_message[4]))<<8) + (((unsigned long)(rx_message[5]))<<0);
      00070C 90r00r03         [24] 1864 	mov	dptr,#(_rx_message + 0x0003)
      00070F E0               [24] 1865 	movx	a,@dptr
      000710 FF               [12] 1866 	mov	r7,a
      000711 7E 00            [12] 1867 	mov	r6,#0x00
      000713 8E 04            [24] 1868 	mov	ar4,r6
      000715 8F 05            [24] 1869 	mov	ar5,r7
      000717 7F 00            [12] 1870 	mov	r7,#0x00
      000719 90r00r04         [24] 1871 	mov	dptr,#(_rx_message + 0x0004)
      00071C E0               [24] 1872 	movx	a,@dptr
      00071D F8               [12] 1873 	mov	r0,a
      00071E 79 00            [12] 1874 	mov	r1,#0x00
      000720 7A 00            [12] 1875 	mov	r2,#0x00
      000722 8A 03            [24] 1876 	mov	ar3,r2
      000724 89 02            [24] 1877 	mov	ar2,r1
      000726 88 01            [24] 1878 	mov	ar1,r0
      000728 E4               [12] 1879 	clr	a
      000729 2F               [12] 1880 	add	a,r7
      00072A FF               [12] 1881 	mov	r7,a
      00072B E9               [12] 1882 	mov	a,r1
      00072C 3E               [12] 1883 	addc	a,r6
      00072D FE               [12] 1884 	mov	r6,a
      00072E EA               [12] 1885 	mov	a,r2
      00072F 3D               [12] 1886 	addc	a,r5
      000730 FD               [12] 1887 	mov	r5,a
      000731 EB               [12] 1888 	mov	a,r3
      000732 3C               [12] 1889 	addc	a,r4
      000733 FC               [12] 1890 	mov	r4,a
      000734 90r00r05         [24] 1891 	mov	dptr,#(_rx_message + 0x0005)
      000737 E0               [24] 1892 	movx	a,@dptr
      000738 F8               [12] 1893 	mov	r0,a
      000739 E4               [12] 1894 	clr	a
      00073A F9               [12] 1895 	mov	r1,a
      00073B FB               [12] 1896 	mov	r3,a
      00073C E8               [12] 1897 	mov	a,r0
      00073D 2F               [12] 1898 	add	a,r7
      00073E F5*0A            [12] 1899 	mov	_addr,a
      000740 E9               [12] 1900 	mov	a,r1
      000741 3E               [12] 1901 	addc	a,r6
      000742 F5*0B            [12] 1902 	mov	(_addr + 1),a
      000744 EA               [12] 1903 	mov	a,r2
      000745 3D               [12] 1904 	addc	a,r5
      000746 F5*0C            [12] 1905 	mov	(_addr + 2),a
      000748 EB               [12] 1906 	mov	a,r3
      000749 3C               [12] 1907 	addc	a,r4
      00074A F5*0D            [12] 1908 	mov	(_addr + 3),a
                                   1909 ;	isp.c:208: p18fk_isp_write_cfg (rx_message[6],rx_message[7], addr);
      00074C 90r00r07         [24] 1910 	mov	dptr,#(_rx_message + 0x0007)
      00074F E0               [24] 1911 	movx	a,@dptr
      000750 FF               [12] 1912 	mov	r7,a
      000751 90r00r06         [24] 1913 	mov	dptr,#(_rx_message + 0x0006)
      000754 E0               [24] 1914 	movx	a,@dptr
      000755 FE               [12] 1915 	mov	r6,a
      000756 C0*0A            [24] 1916 	push	_addr
      000758 C0*0B            [24] 1917 	push	(_addr + 1)
      00075A C0*0C            [24] 1918 	push	(_addr + 2)
      00075C C0*0D            [24] 1919 	push	(_addr + 3)
      00075E C0 07            [24] 1920 	push	ar7
      000760 8E 82            [24] 1921 	mov	dpl,r6
      000762 12r15r7B         [24] 1922 	lcall	_p18fk_isp_write_cfg
      000765 E5 81            [12] 1923 	mov	a,sp
      000767 24 FB            [12] 1924 	add	a,#0xfb
      000769 F5 81            [12] 1925 	mov	sp,a
                                   1926 ;	isp.c:209: usart_tx_b (0xB2, TRUE);
      00076B D2 F0            [12] 1927 	setb	b[0]
      00076D 85 F0*00         [24] 1928 	mov	bits,b
      000770 75 82 B2         [24] 1929 	mov	dpl,#0xb2
      000773 12r1Br40         [24] 1930 	lcall	_usart_tx_b
                                   1931 ;	isp.c:210: rx_state = 0;
      000776 75*03 00         [24] 1932 	mov	_rx_state,#0x00
                                   1933 ;	isp.c:211: break;
      000779 02r0Br54         [24] 1934 	ljmp	00148$
                                   1935 ;	isp.c:213: case 0x40: // prog_enter_progmode
      00077C                       1936 00134$:
                                   1937 ;	isp.c:214: p16c_enter_progmode();
      00077C 12r18r45         [24] 1938 	lcall	_p16c_enter_progmode
                                   1939 ;	isp.c:215: usart_tx_b (0xC0, TRUE);
      00077F D2 F0            [12] 1940 	setb	b[0]
      000781 85 F0*00         [24] 1941 	mov	bits,b
      000784 75 82 C0         [24] 1942 	mov	dpl,#0xc0
      000787 12r1Br40         [24] 1943 	lcall	_usart_tx_b
                                   1944 ;	isp.c:216: rx_state = 0;
      00078A 75*03 00         [24] 1945 	mov	_rx_state,#0x00
                                   1946 ;	isp.c:217: break;
      00078D 02r0Br54         [24] 1947 	ljmp	00148$
                                   1948 ;	isp.c:219: case 0x41: // p16c_read_page
      000790                       1949 00135$:
                                   1950 ;	isp.c:220: addr = (((unsigned long)(rx_message[3]))<<16) + (((unsigned long)(rx_message[4]))<<8) + (((unsigned long)(rx_message[5]))<<0);
      000790 90r00r03         [24] 1951 	mov	dptr,#(_rx_message + 0x0003)
      000793 E0               [24] 1952 	movx	a,@dptr
      000794 FF               [12] 1953 	mov	r7,a
      000795 7E 00            [12] 1954 	mov	r6,#0x00
      000797 8E 04            [24] 1955 	mov	ar4,r6
      000799 8F 05            [24] 1956 	mov	ar5,r7
      00079B 7F 00            [12] 1957 	mov	r7,#0x00
      00079D 90r00r04         [24] 1958 	mov	dptr,#(_rx_message + 0x0004)
      0007A0 E0               [24] 1959 	movx	a,@dptr
      0007A1 F8               [12] 1960 	mov	r0,a
      0007A2 79 00            [12] 1961 	mov	r1,#0x00
      0007A4 7A 00            [12] 1962 	mov	r2,#0x00
      0007A6 8A 03            [24] 1963 	mov	ar3,r2
      0007A8 89 02            [24] 1964 	mov	ar2,r1
      0007AA 88 01            [24] 1965 	mov	ar1,r0
      0007AC E4               [12] 1966 	clr	a
      0007AD 2F               [12] 1967 	add	a,r7
      0007AE FF               [12] 1968 	mov	r7,a
      0007AF E9               [12] 1969 	mov	a,r1
      0007B0 3E               [12] 1970 	addc	a,r6
      0007B1 FE               [12] 1971 	mov	r6,a
      0007B2 EA               [12] 1972 	mov	a,r2
      0007B3 3D               [12] 1973 	addc	a,r5
      0007B4 FD               [12] 1974 	mov	r5,a
      0007B5 EB               [12] 1975 	mov	a,r3
      0007B6 3C               [12] 1976 	addc	a,r4
      0007B7 FC               [12] 1977 	mov	r4,a
      0007B8 90r00r05         [24] 1978 	mov	dptr,#(_rx_message + 0x0005)
      0007BB E0               [24] 1979 	movx	a,@dptr
      0007BC F8               [12] 1980 	mov	r0,a
      0007BD E4               [12] 1981 	clr	a
      0007BE F9               [12] 1982 	mov	r1,a
      0007BF FB               [12] 1983 	mov	r3,a
      0007C0 E8               [12] 1984 	mov	a,r0
      0007C1 2F               [12] 1985 	add	a,r7
      0007C2 F5*0A            [12] 1986 	mov	_addr,a
      0007C4 E9               [12] 1987 	mov	a,r1
      0007C5 3E               [12] 1988 	addc	a,r6
      0007C6 F5*0B            [12] 1989 	mov	(_addr + 1),a
      0007C8 EA               [12] 1990 	mov	a,r2
      0007C9 3D               [12] 1991 	addc	a,r5
      0007CA F5*0C            [12] 1992 	mov	(_addr + 2),a
      0007CC EB               [12] 1993 	mov	a,r3
      0007CD 3C               [12] 1994 	addc	a,r4
      0007CE F5*0D            [12] 1995 	mov	(_addr + 3),a
                                   1996 ;	isp.c:221: p16c_isp_read_pgm (flash_buffer, addr, rx_message[2]);
      0007D0 90r00r02         [24] 1997 	mov	dptr,#(_rx_message + 0x0002)
      0007D3 E0               [24] 1998 	movx	a,@dptr
      0007D4 FF               [12] 1999 	mov	r7,a
      0007D5 C0 07            [24] 2000 	push	ar7
      0007D7 C0*0A            [24] 2001 	push	_addr
      0007D9 C0*0B            [24] 2002 	push	(_addr + 1)
      0007DB C0*0C            [24] 2003 	push	(_addr + 2)
      0007DD C0*0D            [24] 2004 	push	(_addr + 3)
      0007DF 90r00r8C         [24] 2005 	mov	dptr,#_flash_buffer
      0007E2 75 F0 00         [24] 2006 	mov	b,#0x00
      0007E5 12r19rE0         [24] 2007 	lcall	_p16c_isp_read_pgm
      0007E8 E5 81            [12] 2008 	mov	a,sp
      0007EA 24 FB            [12] 2009 	add	a,#0xfb
      0007EC F5 81            [12] 2010 	mov	sp,a
                                   2011 ;	isp.c:222: usart_tx_b (0xC1, FALSE);
      0007EE C2 F0            [12] 2012 	clr	b[0]
      0007F0 85 F0*00         [24] 2013 	mov	bits,b
      0007F3 75 82 C1         [24] 2014 	mov	dpl,#0xc1
      0007F6 12r1Br40         [24] 2015 	lcall	_usart_tx_b
                                   2016 ;	isp.c:223: for (i=0;i<rx_message[2];i++) {
      0007F9 75*01 00         [24] 2017 	mov	_i,#0x00
      0007FC                       2018 00176$:
      0007FC 90r00r02         [24] 2019 	mov	dptr,#(_rx_message + 0x0002)
      0007FF E0               [24] 2020 	movx	a,@dptr
      000800 FF               [12] 2021 	mov	r7,a
      000801 C3               [12] 2022 	clr	c
      000802 E5*01            [12] 2023 	mov	a,_i
      000804 9F               [12] 2024 	subb	a,r7
      000805 50 3D            [24] 2025 	jnc	00136$
                                   2026 ;	isp.c:224: usart_tx_b (flash_buffer[i]&0xFF, FALSE);
      000807 E5*01            [12] 2027 	mov	a,_i
      000809 75 F0 02         [24] 2028 	mov	b,#0x02
      00080C A4               [48] 2029 	mul	ab
      00080D 24r8C            [12] 2030 	add	a,#_flash_buffer
      00080F F5 82            [12] 2031 	mov	dpl,a
      000811 74s00            [12] 2032 	mov	a,#(_flash_buffer >> 8)
      000813 35 F0            [12] 2033 	addc	a,b
      000815 F5 83            [12] 2034 	mov	dph,a
      000817 E0               [24] 2035 	movx	a,@dptr
      000818 FF               [12] 2036 	mov	r7,a
      000819 C2 F0            [12] 2037 	clr	b[0]
      00081B 85 F0*00         [24] 2038 	mov	bits,b
      00081E 8F 82            [24] 2039 	mov	dpl,r7
      000820 12r1Br40         [24] 2040 	lcall	_usart_tx_b
                                   2041 ;	isp.c:225: usart_tx_b (flash_buffer[i]>>8, FALSE);
      000823 E5*01            [12] 2042 	mov	a,_i
      000825 75 F0 02         [24] 2043 	mov	b,#0x02
      000828 A4               [48] 2044 	mul	ab
      000829 24r8C            [12] 2045 	add	a,#_flash_buffer
      00082B F5 82            [12] 2046 	mov	dpl,a
      00082D 74s00            [12] 2047 	mov	a,#(_flash_buffer >> 8)
      00082F 35 F0            [12] 2048 	addc	a,b
      000831 F5 83            [12] 2049 	mov	dph,a
      000833 E0               [24] 2050 	movx	a,@dptr
      000834 A3               [24] 2051 	inc	dptr
      000835 E0               [24] 2052 	movx	a,@dptr
      000836 F5 82            [12] 2053 	mov	dpl,a
      000838 C2 F0            [12] 2054 	clr	b[0]
      00083A 85 F0*00         [24] 2055 	mov	bits,b
      00083D 12r1Br40         [24] 2056 	lcall	_usart_tx_b
                                   2057 ;	isp.c:223: for (i=0;i<rx_message[2];i++) {
      000840 05*01            [12] 2058 	inc	_i
      000842 80 B8            [24] 2059 	sjmp	00176$
      000844                       2060 00136$:
                                   2061 ;	isp.c:227: CDC_flush();
      000844 12r00r00         [24] 2062 	lcall	_CDC_flush
                                   2063 ;	isp.c:228: rx_state = 0;
      000847 75*03 00         [24] 2064 	mov	_rx_state,#0x00
                                   2065 ;	isp.c:229: break;
      00084A 02r0Br54         [24] 2066 	ljmp	00148$
                                   2067 ;	isp.c:231: case 0x42: // p16c_write_page
      00084D                       2068 00137$:
                                   2069 ;	isp.c:232: addr = (((unsigned long)(rx_message[3]))<<16) + (((unsigned long)(rx_message[4]))<<8) + (((unsigned long)(rx_message[5]))<<0);
      00084D 90r00r03         [24] 2070 	mov	dptr,#(_rx_message + 0x0003)
      000850 E0               [24] 2071 	movx	a,@dptr
      000851 FF               [12] 2072 	mov	r7,a
      000852 7E 00            [12] 2073 	mov	r6,#0x00
      000854 8E 04            [24] 2074 	mov	ar4,r6
      000856 8F 05            [24] 2075 	mov	ar5,r7
      000858 7F 00            [12] 2076 	mov	r7,#0x00
      00085A 90r00r04         [24] 2077 	mov	dptr,#(_rx_message + 0x0004)
      00085D E0               [24] 2078 	movx	a,@dptr
      00085E F8               [12] 2079 	mov	r0,a
      00085F 79 00            [12] 2080 	mov	r1,#0x00
      000861 7A 00            [12] 2081 	mov	r2,#0x00
      000863 8A 03            [24] 2082 	mov	ar3,r2
      000865 89 02            [24] 2083 	mov	ar2,r1
      000867 88 01            [24] 2084 	mov	ar1,r0
      000869 E4               [12] 2085 	clr	a
      00086A 2F               [12] 2086 	add	a,r7
      00086B FF               [12] 2087 	mov	r7,a
      00086C E9               [12] 2088 	mov	a,r1
      00086D 3E               [12] 2089 	addc	a,r6
      00086E FE               [12] 2090 	mov	r6,a
      00086F EA               [12] 2091 	mov	a,r2
      000870 3D               [12] 2092 	addc	a,r5
      000871 FD               [12] 2093 	mov	r5,a
      000872 EB               [12] 2094 	mov	a,r3
      000873 3C               [12] 2095 	addc	a,r4
      000874 FC               [12] 2096 	mov	r4,a
      000875 90r00r05         [24] 2097 	mov	dptr,#(_rx_message + 0x0005)
      000878 E0               [24] 2098 	movx	a,@dptr
      000879 F8               [12] 2099 	mov	r0,a
      00087A E4               [12] 2100 	clr	a
      00087B F9               [12] 2101 	mov	r1,a
      00087C FB               [12] 2102 	mov	r3,a
      00087D E8               [12] 2103 	mov	a,r0
      00087E 2F               [12] 2104 	add	a,r7
      00087F F5*0A            [12] 2105 	mov	_addr,a
      000881 E9               [12] 2106 	mov	a,r1
      000882 3E               [12] 2107 	addc	a,r6
      000883 F5*0B            [12] 2108 	mov	(_addr + 1),a
      000885 EA               [12] 2109 	mov	a,r2
      000886 3D               [12] 2110 	addc	a,r5
      000887 F5*0C            [12] 2111 	mov	(_addr + 2),a
      000889 EB               [12] 2112 	mov	a,r3
      00088A 3C               [12] 2113 	addc	a,r4
      00088B F5*0D            [12] 2114 	mov	(_addr + 3),a
                                   2115 ;	isp.c:233: for (i=0;i<rx_message[2]/2;i++)
      00088D 8F*01            [24] 2116 	mov	_i,r7
      00088F                       2117 00179$:
      00088F 90r00r02         [24] 2118 	mov	dptr,#(_rx_message + 0x0002)
      000892 E0               [24] 2119 	movx	a,@dptr
      000893 FF               [12] 2120 	mov	r7,a
      000894 7E 00            [12] 2121 	mov	r6,#0x00
      000896 74 02            [12] 2122 	mov	a,#0x02
      000898 C0 E0            [24] 2123 	push	acc
      00089A E4               [12] 2124 	clr	a
      00089B C0 E0            [24] 2125 	push	acc
      00089D 8F 82            [24] 2126 	mov	dpl,r7
      00089F 8E 83            [24] 2127 	mov	dph,r6
      0008A1 12r00r00         [24] 2128 	lcall	__divsint
      0008A4 AE 82            [24] 2129 	mov	r6,dpl
      0008A6 AF 83            [24] 2130 	mov	r7,dph
      0008A8 15 81            [12] 2131 	dec	sp
      0008AA 15 81            [12] 2132 	dec	sp
      0008AC AC*01            [24] 2133 	mov	r4,_i
      0008AE 7D 00            [12] 2134 	mov	r5,#0x00
      0008B0 C3               [12] 2135 	clr	c
      0008B1 EC               [12] 2136 	mov	a,r4
      0008B2 9E               [12] 2137 	subb	a,r6
      0008B3 ED               [12] 2138 	mov	a,r5
      0008B4 64 80            [12] 2139 	xrl	a,#0x80
      0008B6 8F F0            [24] 2140 	mov	b,r7
      0008B8 63 F0 80         [24] 2141 	xrl	b,#0x80
      0008BB 95 F0            [12] 2142 	subb	a,b
      0008BD 50 51            [24] 2143 	jnc	00138$
                                   2144 ;	isp.c:234: flash_buffer[i] = (((unsigned int)(rx_message[(2*i)+1+6]))<<8) + (((unsigned int)(rx_message[(2*i)+0+6]))<<0);
      0008BF E5*01            [12] 2145 	mov	a,_i
      0008C1 75 F0 02         [24] 2146 	mov	b,#0x02
      0008C4 A4               [48] 2147 	mul	ab
      0008C5 24r8C            [12] 2148 	add	a,#_flash_buffer
      0008C7 FA               [12] 2149 	mov	r2,a
      0008C8 74s00            [12] 2150 	mov	a,#(_flash_buffer >> 8)
      0008CA 35 F0            [12] 2151 	addc	a,b
      0008CC FB               [12] 2152 	mov	r3,a
      0008CD EC               [12] 2153 	mov	a,r4
      0008CE 2C               [12] 2154 	add	a,r4
      0008CF FC               [12] 2155 	mov	r4,a
      0008D0 ED               [12] 2156 	mov	a,r5
      0008D1 33               [12] 2157 	rlc	a
      0008D2 FD               [12] 2158 	mov	r5,a
      0008D3 74 07            [12] 2159 	mov	a,#0x07
      0008D5 2C               [12] 2160 	add	a,r4
      0008D6 F8               [12] 2161 	mov	r0,a
      0008D7 E4               [12] 2162 	clr	a
      0008D8 3D               [12] 2163 	addc	a,r5
      0008D9 F9               [12] 2164 	mov	r1,a
      0008DA E8               [12] 2165 	mov	a,r0
      0008DB 24r00            [12] 2166 	add	a,#_rx_message
      0008DD F5 82            [12] 2167 	mov	dpl,a
      0008DF E9               [12] 2168 	mov	a,r1
      0008E0 34s00            [12] 2169 	addc	a,#(_rx_message >> 8)
      0008E2 F5 83            [12] 2170 	mov	dph,a
      0008E4 E0               [24] 2171 	movx	a,@dptr
      0008E5 F9               [12] 2172 	mov	r1,a
      0008E6 78 00            [12] 2173 	mov	r0,#0x00
      0008E8 74 06            [12] 2174 	mov	a,#0x06
      0008EA 2C               [12] 2175 	add	a,r4
      0008EB FC               [12] 2176 	mov	r4,a
      0008EC E4               [12] 2177 	clr	a
      0008ED 3D               [12] 2178 	addc	a,r5
      0008EE FD               [12] 2179 	mov	r5,a
      0008EF EC               [12] 2180 	mov	a,r4
      0008F0 24r00            [12] 2181 	add	a,#_rx_message
      0008F2 F5 82            [12] 2182 	mov	dpl,a
      0008F4 ED               [12] 2183 	mov	a,r5
      0008F5 34s00            [12] 2184 	addc	a,#(_rx_message >> 8)
      0008F7 F5 83            [12] 2185 	mov	dph,a
      0008F9 E0               [24] 2186 	movx	a,@dptr
      0008FA FD               [12] 2187 	mov	r5,a
      0008FB 7C 00            [12] 2188 	mov	r4,#0x00
      0008FD 28               [12] 2189 	add	a,r0
      0008FE F8               [12] 2190 	mov	r0,a
      0008FF EC               [12] 2191 	mov	a,r4
      000900 39               [12] 2192 	addc	a,r1
      000901 F9               [12] 2193 	mov	r1,a
      000902 8A 82            [24] 2194 	mov	dpl,r2
      000904 8B 83            [24] 2195 	mov	dph,r3
      000906 E8               [12] 2196 	mov	a,r0
      000907 F0               [24] 2197 	movx	@dptr,a
      000908 E9               [12] 2198 	mov	a,r1
      000909 A3               [24] 2199 	inc	dptr
      00090A F0               [24] 2200 	movx	@dptr,a
                                   2201 ;	isp.c:233: for (i=0;i<rx_message[2]/2;i++)
      00090B 05*01            [12] 2202 	inc	_i
      00090D 02r08r8F         [24] 2203 	ljmp	00179$
      000910                       2204 00138$:
                                   2205 ;	isp.c:235: p16c_isp_write_pgm (flash_buffer, addr, rx_message[2]/2);
      000910 C0 06            [24] 2206 	push	ar6
      000912 C0*0A            [24] 2207 	push	_addr
      000914 C0*0B            [24] 2208 	push	(_addr + 1)
      000916 C0*0C            [24] 2209 	push	(_addr + 2)
      000918 C0*0D            [24] 2210 	push	(_addr + 3)
      00091A 90r00r8C         [24] 2211 	mov	dptr,#_flash_buffer
      00091D 75 F0 00         [24] 2212 	mov	b,#0x00
      000920 12r19r61         [24] 2213 	lcall	_p16c_isp_write_pgm
      000923 E5 81            [12] 2214 	mov	a,sp
      000925 24 FB            [12] 2215 	add	a,#0xfb
      000927 F5 81            [12] 2216 	mov	sp,a
                                   2217 ;	isp.c:236: usart_tx_b (0xC2, TRUE);
      000929 D2 F0            [12] 2218 	setb	b[0]
      00092B 85 F0*00         [24] 2219 	mov	bits,b
      00092E 75 82 C2         [24] 2220 	mov	dpl,#0xc2
      000931 12r1Br40         [24] 2221 	lcall	_usart_tx_b
                                   2222 ;	isp.c:237: rx_state = 0;
      000934 75*03 00         [24] 2223 	mov	_rx_state,#0x00
                                   2224 ;	isp.c:238: break;
      000937 02r0Br54         [24] 2225 	ljmp	00148$
                                   2226 ;	isp.c:240: case 0x43: // p16c_mass_erase
      00093A                       2227 00139$:
                                   2228 ;	isp.c:241: p16c_set_pc (0x8000);
      00093A 90 80 00         [24] 2229 	mov	dptr,#0x8000
      00093D E4               [12] 2230 	clr	a
      00093E F5 F0            [12] 2231 	mov	b,a
      000940 12r18r6F         [24] 2232 	lcall	_p16c_set_pc
                                   2233 ;	isp.c:242: p16c_bulk_erase ();
      000943 12r18r9C         [24] 2234 	lcall	_p16c_bulk_erase
                                   2235 ;	isp.c:243: usart_tx_b (0xC3, TRUE);
      000946 D2 F0            [12] 2236 	setb	b[0]
      000948 85 F0*00         [24] 2237 	mov	bits,b
      00094B 75 82 C3         [24] 2238 	mov	dpl,#0xc3
      00094E 12r1Br40         [24] 2239 	lcall	_usart_tx_b
                                   2240 ;	isp.c:244: rx_state = 0;
      000951 75*03 00         [24] 2241 	mov	_rx_state,#0x00
                                   2242 ;	isp.c:245: break;
      000954 02r0Br54         [24] 2243 	ljmp	00148$
                                   2244 ;	isp.c:247: case 0x44: // p16c_write_single_cfg
      000957                       2245 00140$:
                                   2246 ;	isp.c:248: addr = (((unsigned long)(rx_message[3]))<<16) + (((unsigned long)(rx_message[4]))<<8) + (((unsigned long)(rx_message[5]))<<0);
      000957 90r00r03         [24] 2247 	mov	dptr,#(_rx_message + 0x0003)
      00095A E0               [24] 2248 	movx	a,@dptr
      00095B FF               [12] 2249 	mov	r7,a
      00095C 7E 00            [12] 2250 	mov	r6,#0x00
      00095E 8E 04            [24] 2251 	mov	ar4,r6
      000960 8F 05            [24] 2252 	mov	ar5,r7
      000962 7F 00            [12] 2253 	mov	r7,#0x00
      000964 90r00r04         [24] 2254 	mov	dptr,#(_rx_message + 0x0004)
      000967 E0               [24] 2255 	movx	a,@dptr
      000968 F8               [12] 2256 	mov	r0,a
      000969 79 00            [12] 2257 	mov	r1,#0x00
      00096B 7A 00            [12] 2258 	mov	r2,#0x00
      00096D 8A 03            [24] 2259 	mov	ar3,r2
      00096F 89 02            [24] 2260 	mov	ar2,r1
      000971 88 01            [24] 2261 	mov	ar1,r0
      000973 E4               [12] 2262 	clr	a
      000974 2F               [12] 2263 	add	a,r7
      000975 FF               [12] 2264 	mov	r7,a
      000976 E9               [12] 2265 	mov	a,r1
      000977 3E               [12] 2266 	addc	a,r6
      000978 FE               [12] 2267 	mov	r6,a
      000979 EA               [12] 2268 	mov	a,r2
      00097A 3D               [12] 2269 	addc	a,r5
      00097B FD               [12] 2270 	mov	r5,a
      00097C EB               [12] 2271 	mov	a,r3
      00097D 3C               [12] 2272 	addc	a,r4
      00097E FC               [12] 2273 	mov	r4,a
      00097F 90r00r05         [24] 2274 	mov	dptr,#(_rx_message + 0x0005)
      000982 E0               [24] 2275 	movx	a,@dptr
      000983 F8               [12] 2276 	mov	r0,a
      000984 E4               [12] 2277 	clr	a
      000985 F9               [12] 2278 	mov	r1,a
      000986 FB               [12] 2279 	mov	r3,a
      000987 E8               [12] 2280 	mov	a,r0
      000988 2F               [12] 2281 	add	a,r7
      000989 F5*0A            [12] 2282 	mov	_addr,a
      00098B E9               [12] 2283 	mov	a,r1
      00098C 3E               [12] 2284 	addc	a,r6
      00098D F5*0B            [12] 2285 	mov	(_addr + 1),a
      00098F EA               [12] 2286 	mov	a,r2
      000990 3D               [12] 2287 	addc	a,r5
      000991 F5*0C            [12] 2288 	mov	(_addr + 2),a
      000993 EB               [12] 2289 	mov	a,r3
      000994 3C               [12] 2290 	addc	a,r4
      000995 F5*0D            [12] 2291 	mov	(_addr + 3),a
                                   2292 ;	isp.c:249: cfg_val = rx_message[6];
      000997 90r00r06         [24] 2293 	mov	dptr,#(_rx_message + 0x0006)
      00099A E0               [24] 2294 	movx	a,@dptr
      00099B FF               [12] 2295 	mov	r7,a
                                   2296 ;	isp.c:250: cfg_val = (cfg_val<<8) + rx_message[7];
      00099C 8F*08            [24] 2297 	mov	_cfg_val,r7
      00099E 8B*09            [24] 2298 	mov	(_cfg_val + 1),r3
      0009A0 7E 00            [12] 2299 	mov	r6,#0x00
      0009A2 90r00r07         [24] 2300 	mov	dptr,#(_rx_message + 0x0007)
      0009A5 E0               [24] 2301 	movx	a,@dptr
      0009A6 7C 00            [12] 2302 	mov	r4,#0x00
      0009A8 2E               [12] 2303 	add	a,r6
      0009A9 F5*08            [12] 2304 	mov	_cfg_val,a
      0009AB EC               [12] 2305 	mov	a,r4
      0009AC 3F               [12] 2306 	addc	a,r7
      0009AD F5*09            [12] 2307 	mov	(_cfg_val + 1),a
                                   2308 ;	isp.c:251: p16c_isp_write_cfg (cfg_val, addr);
      0009AF C0*0A            [24] 2309 	push	_addr
      0009B1 C0*0B            [24] 2310 	push	(_addr + 1)
      0009B3 C0*0C            [24] 2311 	push	(_addr + 2)
      0009B5 C0*0D            [24] 2312 	push	(_addr + 3)
      0009B7 85*08 82         [24] 2313 	mov	dpl,_cfg_val
      0009BA 85*09 83         [24] 2314 	mov	dph,(_cfg_val + 1)
      0009BD 12r1Ar50         [24] 2315 	lcall	_p16c_isp_write_cfg
      0009C0 E5 81            [12] 2316 	mov	a,sp
      0009C2 24 FC            [12] 2317 	add	a,#0xfc
      0009C4 F5 81            [12] 2318 	mov	sp,a
                                   2319 ;	isp.c:252: usart_tx_b (0xC4, TRUE);
      0009C6 D2 F0            [12] 2320 	setb	b[0]
      0009C8 85 F0*00         [24] 2321 	mov	bits,b
      0009CB 75 82 C4         [24] 2322 	mov	dpl,#0xc4
      0009CE 12r1Br40         [24] 2323 	lcall	_usart_tx_b
                                   2324 ;	isp.c:253: rx_state = 0;
      0009D1 75*03 00         [24] 2325 	mov	_rx_state,#0x00
                                   2326 ;	isp.c:254: break;
      0009D4 02r0Br54         [24] 2327 	ljmp	00148$
                                   2328 ;	isp.c:256: case 0x45: // p18q_write_single_cfg
      0009D7                       2329 00141$:
                                   2330 ;	isp.c:257: addr = (((unsigned long)(rx_message[3]))<<16) + (((unsigned long)(rx_message[4]))<<8) + (((unsigned long)(rx_message[5]))<<0);
      0009D7 90r00r03         [24] 2331 	mov	dptr,#(_rx_message + 0x0003)
      0009DA E0               [24] 2332 	movx	a,@dptr
      0009DB FF               [12] 2333 	mov	r7,a
      0009DC 7E 00            [12] 2334 	mov	r6,#0x00
      0009DE 8E 04            [24] 2335 	mov	ar4,r6
      0009E0 8F 05            [24] 2336 	mov	ar5,r7
      0009E2 7F 00            [12] 2337 	mov	r7,#0x00
      0009E4 90r00r04         [24] 2338 	mov	dptr,#(_rx_message + 0x0004)
      0009E7 E0               [24] 2339 	movx	a,@dptr
      0009E8 F8               [12] 2340 	mov	r0,a
      0009E9 79 00            [12] 2341 	mov	r1,#0x00
      0009EB 7A 00            [12] 2342 	mov	r2,#0x00
      0009ED 8A 03            [24] 2343 	mov	ar3,r2
      0009EF 89 02            [24] 2344 	mov	ar2,r1
      0009F1 88 01            [24] 2345 	mov	ar1,r0
      0009F3 E4               [12] 2346 	clr	a
      0009F4 2F               [12] 2347 	add	a,r7
      0009F5 FF               [12] 2348 	mov	r7,a
      0009F6 E9               [12] 2349 	mov	a,r1
      0009F7 3E               [12] 2350 	addc	a,r6
      0009F8 FE               [12] 2351 	mov	r6,a
      0009F9 EA               [12] 2352 	mov	a,r2
      0009FA 3D               [12] 2353 	addc	a,r5
      0009FB FD               [12] 2354 	mov	r5,a
      0009FC EB               [12] 2355 	mov	a,r3
      0009FD 3C               [12] 2356 	addc	a,r4
      0009FE FC               [12] 2357 	mov	r4,a
      0009FF 90r00r05         [24] 2358 	mov	dptr,#(_rx_message + 0x0005)
      000A02 E0               [24] 2359 	movx	a,@dptr
      000A03 F8               [12] 2360 	mov	r0,a
      000A04 E4               [12] 2361 	clr	a
      000A05 F9               [12] 2362 	mov	r1,a
      000A06 FB               [12] 2363 	mov	r3,a
      000A07 E8               [12] 2364 	mov	a,r0
      000A08 2F               [12] 2365 	add	a,r7
      000A09 F5*0A            [12] 2366 	mov	_addr,a
      000A0B E9               [12] 2367 	mov	a,r1
      000A0C 3E               [12] 2368 	addc	a,r6
      000A0D F5*0B            [12] 2369 	mov	(_addr + 1),a
      000A0F EA               [12] 2370 	mov	a,r2
      000A10 3D               [12] 2371 	addc	a,r5
      000A11 F5*0C            [12] 2372 	mov	(_addr + 2),a
      000A13 EB               [12] 2373 	mov	a,r3
      000A14 3C               [12] 2374 	addc	a,r4
      000A15 F5*0D            [12] 2375 	mov	(_addr + 3),a
                                   2376 ;	isp.c:258: cfg_val = rx_message[6];
      000A17 90r00r06         [24] 2377 	mov	dptr,#(_rx_message + 0x0006)
      000A1A E0               [24] 2378 	movx	a,@dptr
      000A1B FF               [12] 2379 	mov	r7,a
                                   2380 ;	isp.c:259: cfg_val = (cfg_val<<8) + rx_message[7];
      000A1C 8F*08            [24] 2381 	mov	_cfg_val,r7
      000A1E 8B*09            [24] 2382 	mov	(_cfg_val + 1),r3
      000A20 7E 00            [12] 2383 	mov	r6,#0x00
      000A22 90r00r07         [24] 2384 	mov	dptr,#(_rx_message + 0x0007)
      000A25 E0               [24] 2385 	movx	a,@dptr
      000A26 7C 00            [12] 2386 	mov	r4,#0x00
      000A28 2E               [12] 2387 	add	a,r6
      000A29 F5*08            [12] 2388 	mov	_cfg_val,a
      000A2B EC               [12] 2389 	mov	a,r4
      000A2C 3F               [12] 2390 	addc	a,r7
      000A2D F5*09            [12] 2391 	mov	(_cfg_val + 1),a
                                   2392 ;	isp.c:260: p18q_isp_write_cfg (cfg_val, addr);
      000A2F C0*0A            [24] 2393 	push	_addr
      000A31 C0*0B            [24] 2394 	push	(_addr + 1)
      000A33 C0*0C            [24] 2395 	push	(_addr + 2)
      000A35 C0*0D            [24] 2396 	push	(_addr + 3)
      000A37 85*08 82         [24] 2397 	mov	dpl,_cfg_val
      000A3A 85*09 83         [24] 2398 	mov	dph,(_cfg_val + 1)
      000A3D 12r1Br00         [24] 2399 	lcall	_p18q_isp_write_cfg
      000A40 E5 81            [12] 2400 	mov	a,sp
      000A42 24 FC            [12] 2401 	add	a,#0xfc
      000A44 F5 81            [12] 2402 	mov	sp,a
                                   2403 ;	isp.c:261: usart_tx_b (0xC5, TRUE);
      000A46 D2 F0            [12] 2404 	setb	b[0]
      000A48 85 F0*00         [24] 2405 	mov	bits,b
      000A4B 75 82 C5         [24] 2406 	mov	dpl,#0xc5
      000A4E 12r1Br40         [24] 2407 	lcall	_usart_tx_b
                                   2408 ;	isp.c:262: rx_state = 0;
      000A51 75*03 00         [24] 2409 	mov	_rx_state,#0x00
                                   2410 ;	isp.c:263: break;
      000A54 02r0Br54         [24] 2411 	ljmp	00148$
                                   2412 ;	isp.c:265: case 0x46: // p18q_write_page
      000A57                       2413 00142$:
                                   2414 ;	isp.c:266: addr = (((unsigned long)(rx_message[3]))<<16) + (((unsigned long)(rx_message[4]))<<8) + (((unsigned long)(rx_message[5]))<<0);
      000A57 90r00r03         [24] 2415 	mov	dptr,#(_rx_message + 0x0003)
      000A5A E0               [24] 2416 	movx	a,@dptr
      000A5B FF               [12] 2417 	mov	r7,a
      000A5C 7E 00            [12] 2418 	mov	r6,#0x00
      000A5E 8E 04            [24] 2419 	mov	ar4,r6
      000A60 8F 05            [24] 2420 	mov	ar5,r7
      000A62 7F 00            [12] 2421 	mov	r7,#0x00
      000A64 90r00r04         [24] 2422 	mov	dptr,#(_rx_message + 0x0004)
      000A67 E0               [24] 2423 	movx	a,@dptr
      000A68 F8               [12] 2424 	mov	r0,a
      000A69 79 00            [12] 2425 	mov	r1,#0x00
      000A6B 7A 00            [12] 2426 	mov	r2,#0x00
      000A6D 8A 03            [24] 2427 	mov	ar3,r2
      000A6F 89 02            [24] 2428 	mov	ar2,r1
      000A71 88 01            [24] 2429 	mov	ar1,r0
      000A73 E4               [12] 2430 	clr	a
      000A74 2F               [12] 2431 	add	a,r7
      000A75 FF               [12] 2432 	mov	r7,a
      000A76 E9               [12] 2433 	mov	a,r1
      000A77 3E               [12] 2434 	addc	a,r6
      000A78 FE               [12] 2435 	mov	r6,a
      000A79 EA               [12] 2436 	mov	a,r2
      000A7A 3D               [12] 2437 	addc	a,r5
      000A7B FD               [12] 2438 	mov	r5,a
      000A7C EB               [12] 2439 	mov	a,r3
      000A7D 3C               [12] 2440 	addc	a,r4
      000A7E FC               [12] 2441 	mov	r4,a
      000A7F 90r00r05         [24] 2442 	mov	dptr,#(_rx_message + 0x0005)
      000A82 E0               [24] 2443 	movx	a,@dptr
      000A83 F8               [12] 2444 	mov	r0,a
      000A84 E4               [12] 2445 	clr	a
      000A85 F9               [12] 2446 	mov	r1,a
      000A86 FB               [12] 2447 	mov	r3,a
      000A87 E8               [12] 2448 	mov	a,r0
      000A88 2F               [12] 2449 	add	a,r7
      000A89 F5*0A            [12] 2450 	mov	_addr,a
      000A8B E9               [12] 2451 	mov	a,r1
      000A8C 3E               [12] 2452 	addc	a,r6
      000A8D F5*0B            [12] 2453 	mov	(_addr + 1),a
      000A8F EA               [12] 2454 	mov	a,r2
      000A90 3D               [12] 2455 	addc	a,r5
      000A91 F5*0C            [12] 2456 	mov	(_addr + 2),a
      000A93 EB               [12] 2457 	mov	a,r3
      000A94 3C               [12] 2458 	addc	a,r4
      000A95 F5*0D            [12] 2459 	mov	(_addr + 3),a
                                   2460 ;	isp.c:267: for (i=0;i<rx_message[2]/2;i++)
      000A97 8F*01            [24] 2461 	mov	_i,r7
      000A99                       2462 00182$:
      000A99 90r00r02         [24] 2463 	mov	dptr,#(_rx_message + 0x0002)
      000A9C E0               [24] 2464 	movx	a,@dptr
      000A9D FF               [12] 2465 	mov	r7,a
      000A9E 7E 00            [12] 2466 	mov	r6,#0x00
      000AA0 74 02            [12] 2467 	mov	a,#0x02
      000AA2 C0 E0            [24] 2468 	push	acc
      000AA4 E4               [12] 2469 	clr	a
      000AA5 C0 E0            [24] 2470 	push	acc
      000AA7 8F 82            [24] 2471 	mov	dpl,r7
      000AA9 8E 83            [24] 2472 	mov	dph,r6
      000AAB 12r00r00         [24] 2473 	lcall	__divsint
      000AAE AE 82            [24] 2474 	mov	r6,dpl
      000AB0 AF 83            [24] 2475 	mov	r7,dph
      000AB2 15 81            [12] 2476 	dec	sp
      000AB4 15 81            [12] 2477 	dec	sp
      000AB6 AC*01            [24] 2478 	mov	r4,_i
      000AB8 7D 00            [12] 2479 	mov	r5,#0x00
      000ABA C3               [12] 2480 	clr	c
      000ABB EC               [12] 2481 	mov	a,r4
      000ABC 9E               [12] 2482 	subb	a,r6
      000ABD ED               [12] 2483 	mov	a,r5
      000ABE 64 80            [12] 2484 	xrl	a,#0x80
      000AC0 8F F0            [24] 2485 	mov	b,r7
      000AC2 63 F0 80         [24] 2486 	xrl	b,#0x80
      000AC5 95 F0            [12] 2487 	subb	a,b
      000AC7 50 51            [24] 2488 	jnc	00143$
                                   2489 ;	isp.c:268: flash_buffer[i] = (((unsigned int)(rx_message[(2*i)+1+6]))<<8) + (((unsigned int)(rx_message[(2*i)+0+6]))<<0);
      000AC9 E5*01            [12] 2490 	mov	a,_i
      000ACB 75 F0 02         [24] 2491 	mov	b,#0x02
      000ACE A4               [48] 2492 	mul	ab
      000ACF 24r8C            [12] 2493 	add	a,#_flash_buffer
      000AD1 FA               [12] 2494 	mov	r2,a
      000AD2 74s00            [12] 2495 	mov	a,#(_flash_buffer >> 8)
      000AD4 35 F0            [12] 2496 	addc	a,b
      000AD6 FB               [12] 2497 	mov	r3,a
      000AD7 EC               [12] 2498 	mov	a,r4
      000AD8 2C               [12] 2499 	add	a,r4
      000AD9 FC               [12] 2500 	mov	r4,a
      000ADA ED               [12] 2501 	mov	a,r5
      000ADB 33               [12] 2502 	rlc	a
      000ADC FD               [12] 2503 	mov	r5,a
      000ADD 74 07            [12] 2504 	mov	a,#0x07
      000ADF 2C               [12] 2505 	add	a,r4
      000AE0 F8               [12] 2506 	mov	r0,a
      000AE1 E4               [12] 2507 	clr	a
      000AE2 3D               [12] 2508 	addc	a,r5
      000AE3 F9               [12] 2509 	mov	r1,a
      000AE4 E8               [12] 2510 	mov	a,r0
      000AE5 24r00            [12] 2511 	add	a,#_rx_message
      000AE7 F5 82            [12] 2512 	mov	dpl,a
      000AE9 E9               [12] 2513 	mov	a,r1
      000AEA 34s00            [12] 2514 	addc	a,#(_rx_message >> 8)
      000AEC F5 83            [12] 2515 	mov	dph,a
      000AEE E0               [24] 2516 	movx	a,@dptr
      000AEF F9               [12] 2517 	mov	r1,a
      000AF0 78 00            [12] 2518 	mov	r0,#0x00
      000AF2 74 06            [12] 2519 	mov	a,#0x06
      000AF4 2C               [12] 2520 	add	a,r4
      000AF5 FC               [12] 2521 	mov	r4,a
      000AF6 E4               [12] 2522 	clr	a
      000AF7 3D               [12] 2523 	addc	a,r5
      000AF8 FD               [12] 2524 	mov	r5,a
      000AF9 EC               [12] 2525 	mov	a,r4
      000AFA 24r00            [12] 2526 	add	a,#_rx_message
      000AFC F5 82            [12] 2527 	mov	dpl,a
      000AFE ED               [12] 2528 	mov	a,r5
      000AFF 34s00            [12] 2529 	addc	a,#(_rx_message >> 8)
      000B01 F5 83            [12] 2530 	mov	dph,a
      000B03 E0               [24] 2531 	movx	a,@dptr
      000B04 FD               [12] 2532 	mov	r5,a
      000B05 7C 00            [12] 2533 	mov	r4,#0x00
      000B07 28               [12] 2534 	add	a,r0
      000B08 F8               [12] 2535 	mov	r0,a
      000B09 EC               [12] 2536 	mov	a,r4
      000B0A 39               [12] 2537 	addc	a,r1
      000B0B F9               [12] 2538 	mov	r1,a
      000B0C 8A 82            [24] 2539 	mov	dpl,r2
      000B0E 8B 83            [24] 2540 	mov	dph,r3
      000B10 E8               [12] 2541 	mov	a,r0
      000B11 F0               [24] 2542 	movx	@dptr,a
      000B12 E9               [12] 2543 	mov	a,r1
      000B13 A3               [24] 2544 	inc	dptr
      000B14 F0               [24] 2545 	movx	@dptr,a
                                   2546 ;	isp.c:267: for (i=0;i<rx_message[2]/2;i++)
      000B15 05*01            [12] 2547 	inc	_i
      000B17 02r0Ar99         [24] 2548 	ljmp	00182$
      000B1A                       2549 00143$:
                                   2550 ;	isp.c:269: p18q_isp_write_pgm (flash_buffer, addr, rx_message[2]/2);
      000B1A C0 06            [24] 2551 	push	ar6
      000B1C C0*0A            [24] 2552 	push	_addr
      000B1E C0*0B            [24] 2553 	push	(_addr + 1)
      000B20 C0*0C            [24] 2554 	push	(_addr + 2)
      000B22 C0*0D            [24] 2555 	push	(_addr + 3)
      000B24 90r00r8C         [24] 2556 	mov	dptr,#_flash_buffer
      000B27 75 F0 00         [24] 2557 	mov	b,#0x00
      000B2A 12r1Ar88         [24] 2558 	lcall	_p18q_isp_write_pgm
      000B2D E5 81            [12] 2559 	mov	a,sp
      000B2F 24 FB            [12] 2560 	add	a,#0xfb
      000B31 F5 81            [12] 2561 	mov	sp,a
                                   2562 ;	isp.c:270: usart_tx_b (0xC6, TRUE);
      000B33 D2 F0            [12] 2563 	setb	b[0]
      000B35 85 F0*00         [24] 2564 	mov	bits,b
      000B38 75 82 C6         [24] 2565 	mov	dpl,#0xc6
      000B3B 12r1Br40         [24] 2566 	lcall	_usart_tx_b
                                   2567 ;	isp.c:271: rx_state = 0;
      000B3E 75*03 00         [24] 2568 	mov	_rx_state,#0x00
                                   2569 ;	isp.c:272: break;
                                   2570 ;	isp.c:274: case 0xff: // reboot to bootloader
      000B41 80 11            [24] 2571 	sjmp	00148$
      000B43                       2572 00144$:
                                   2573 ;	isp.c:275: USB_INT_EN = 0;
      000B43 75 E1 00         [24] 2574 	mov	_USB_INT_EN,#0x00
                                   2575 ;	isp.c:276: USB_CTRL = 0x06;
      000B46 75 E2 06         [24] 2576 	mov	_USB_CTRL,#0x06
                                   2577 ;	isp.c:277: DLY_ms(100);
      000B49 90 00 64         [24] 2578 	mov	dptr,#0x0064
      000B4C 12r00r00         [24] 2579 	lcall	_DLY_ms
                                   2580 ;	isp.c:278: EA = 0;
                                   2581 ;	assignBit
      000B4F C2 AF            [12] 2582 	clr	_EA
                                   2583 ;	isp.c:279: __asm__ ("ljmp 0x3800");
      000B51 02 38 00         [24] 2584 	ljmp	0x3800
                                   2585 ;	isp.c:284: }
      000B54                       2586 00148$:
                                   2587 ;	isp.c:288: PP14 = 0;
                                   2588 ;	assignBit
      000B54 C2 94            [12] 2589 	clr	_PP14
                                   2590 ;	isp.c:292: }
      000B56 02r00r25         [24] 2591 	ljmp	00152$
                                   2592 ;------------------------------------------------------------
                                   2593 ;Allocation info for local variables in function 'rx_state_machine'
                                   2594 ;------------------------------------------------------------
                                   2595 ;rx_char                   Allocated to stack - _bp -3
                                   2596 ;state                     Allocated to registers r7 
                                   2597 ;------------------------------------------------------------
                                   2598 ;	isp.c:294: unsigned char rx_state_machine (unsigned char state, unsigned char rx_char)
                                   2599 ;	-----------------------------------------
                                   2600 ;	 function rx_state_machine
                                   2601 ;	-----------------------------------------
      000B59                       2602 _rx_state_machine:
      000B59 C0*00            [24] 2603 	push	_bp
      000B5B 85 81*00         [24] 2604 	mov	_bp,sp
                                   2605 ;	isp.c:296: if (state==0)
      000B5E E5 82            [12] 2606 	mov	a,dpl
      000B60 FF               [12] 2607 	mov	r7,a
      000B61 70 12            [24] 2608 	jnz	00102$
                                   2609 ;	isp.c:299: rx_message[rx_message_ptr++] = rx_char;
      000B63 75*04 01         [24] 2610 	mov	_rx_message_ptr,#0x01
      000B66 90r00r00         [24] 2611 	mov	dptr,#_rx_message
      000B69 E5*00            [12] 2612 	mov	a,_bp
      000B6B 24 FD            [12] 2613 	add	a,#0xfd
      000B6D F8               [12] 2614 	mov	r0,a
      000B6E E6               [12] 2615 	mov	a,@r0
      000B6F F0               [24] 2616 	movx	@dptr,a
                                   2617 ;	isp.c:300: return 1;
      000B70 75 82 01         [24] 2618 	mov	dpl,#0x01
      000B73 80 4C            [24] 2619 	sjmp	00111$
      000B75                       2620 00102$:
                                   2621 ;	isp.c:302: if (state==1)
      000B75 BF 01 27         [24] 2622 	cjne	r7,#0x01,00106$
                                   2623 ;	isp.c:304: bytes_to_receive = rx_char;
      000B78 E5*00            [12] 2624 	mov	a,_bp
      000B7A 24 FD            [12] 2625 	add	a,#0xfd
      000B7C F8               [12] 2626 	mov	r0,a
      000B7D 86 06            [24] 2627 	mov	ar6,@r0
      000B7F 8E*02            [24] 2628 	mov	_bytes_to_receive,r6
                                   2629 ;	isp.c:305: rx_message[rx_message_ptr++] = rx_char;
      000B81 AD*04            [24] 2630 	mov	r5,_rx_message_ptr
      000B83 05*04            [12] 2631 	inc	_rx_message_ptr
      000B85 ED               [12] 2632 	mov	a,r5
      000B86 24r00            [12] 2633 	add	a,#_rx_message
      000B88 F5 82            [12] 2634 	mov	dpl,a
      000B8A E4               [12] 2635 	clr	a
      000B8B 34s00            [12] 2636 	addc	a,#(_rx_message >> 8)
      000B8D F5 83            [12] 2637 	mov	dph,a
      000B8F EE               [12] 2638 	mov	a,r6
      000B90 F0               [24] 2639 	movx	@dptr,a
                                   2640 ;	isp.c:306: if (bytes_to_receive==0) return 3;
      000B91 E5*02            [12] 2641 	mov	a,_bytes_to_receive
      000B93 70 05            [24] 2642 	jnz	00104$
      000B95 75 82 03         [24] 2643 	mov	dpl,#0x03
      000B98 80 27            [24] 2644 	sjmp	00111$
      000B9A                       2645 00104$:
                                   2646 ;	isp.c:307: return 2;
      000B9A 75 82 02         [24] 2647 	mov	dpl,#0x02
      000B9D 80 22            [24] 2648 	sjmp	00111$
      000B9F                       2649 00106$:
                                   2650 ;	isp.c:309: if (state==2)
      000B9F BF 02 1D         [24] 2651 	cjne	r7,#0x02,00110$
                                   2652 ;	isp.c:311: rx_message[rx_message_ptr++] = rx_char;
      000BA2 AE*04            [24] 2653 	mov	r6,_rx_message_ptr
      000BA4 05*04            [12] 2654 	inc	_rx_message_ptr
      000BA6 EE               [12] 2655 	mov	a,r6
      000BA7 24r00            [12] 2656 	add	a,#_rx_message
      000BA9 F5 82            [12] 2657 	mov	dpl,a
      000BAB E4               [12] 2658 	clr	a
      000BAC 34s00            [12] 2659 	addc	a,#(_rx_message >> 8)
      000BAE F5 83            [12] 2660 	mov	dph,a
      000BB0 E5*00            [12] 2661 	mov	a,_bp
      000BB2 24 FD            [12] 2662 	add	a,#0xfd
      000BB4 F8               [12] 2663 	mov	r0,a
      000BB5 E6               [12] 2664 	mov	a,@r0
      000BB6 F0               [24] 2665 	movx	@dptr,a
                                   2666 ;	isp.c:312: bytes_to_receive--;
                                   2667 ;	isp.c:313: if (bytes_to_receive==0) return 3;
      000BB7 D5*02 05         [24] 2668 	djnz	_bytes_to_receive,00110$
      000BBA 75 82 03         [24] 2669 	mov	dpl,#0x03
      000BBD 80 02            [24] 2670 	sjmp	00111$
      000BBF                       2671 00110$:
                                   2672 ;	isp.c:315: return state;
      000BBF 8F 82            [24] 2673 	mov	dpl,r7
      000BC1                       2674 00111$:
                                   2675 ;	isp.c:316: }
      000BC1 D0*00            [24] 2676 	pop	_bp
      000BC3 22               [24] 2677 	ret
                                   2678 ;------------------------------------------------------------
                                   2679 ;Allocation info for local variables in function 'isp_read_pgm'
                                   2680 ;------------------------------------------------------------
                                   2681 ;num_words                 Allocated to stack - _bp -3
                                   2682 ;data                      Allocated to stack - _bp +1
                                   2683 ;i                         Allocated to registers r4 
                                   2684 ;------------------------------------------------------------
                                   2685 ;	isp.c:319: void isp_read_pgm (unsigned int *data, unsigned char num_words) {
                                   2686 ;	-----------------------------------------
                                   2687 ;	 function isp_read_pgm
                                   2688 ;	-----------------------------------------
      000BC4                       2689 _isp_read_pgm:
      000BC4 C0*00            [24] 2690 	push	_bp
      000BC6 85 81*00         [24] 2691 	mov	_bp,sp
      000BC9 C0 82            [24] 2692 	push	dpl
      000BCB C0 83            [24] 2693 	push	dph
      000BCD C0 F0            [24] 2694 	push	b
                                   2695 ;	isp.c:323: for (i = 0; i < num_words; i++) {
      000BCF 7C 00            [12] 2696 	mov	r4,#0x00
      000BD1                       2697 00103$:
      000BD1 E5*00            [12] 2698 	mov	a,_bp
      000BD3 24 FD            [12] 2699 	add	a,#0xfd
      000BD5 F8               [12] 2700 	mov	r0,a
      000BD6 C3               [12] 2701 	clr	c
      000BD7 EC               [12] 2702 	mov	a,r4
      000BD8 96               [12] 2703 	subb	a,@r0
      000BD9 50 5E            [24] 2704 	jnc	00105$
                                   2705 ;	isp.c:324: isp_send(0x04, 6);
      000BDB C0 04            [24] 2706 	push	ar4
      000BDD 74 06            [12] 2707 	mov	a,#0x06
      000BDF C0 E0            [24] 2708 	push	acc
      000BE1 90 00 04         [24] 2709 	mov	dptr,#0x0004
      000BE4 12r0Fr59         [24] 2710 	lcall	_isp_send
      000BE7 15 81            [12] 2711 	dec	sp
      000BE9 D0 04            [24] 2712 	pop	ar4
                                   2713 ;	isp.c:325: data[i] = isp_read_14s();
      000BEB EC               [12] 2714 	mov	a,r4
      000BEC 75 F0 02         [24] 2715 	mov	b,#0x02
      000BEF A4               [48] 2716 	mul	ab
      000BF0 FA               [12] 2717 	mov	r2,a
      000BF1 AB F0            [24] 2718 	mov	r3,b
      000BF3 A8*00            [24] 2719 	mov	r0,_bp
      000BF5 08               [12] 2720 	inc	r0
      000BF6 EA               [12] 2721 	mov	a,r2
      000BF7 26               [12] 2722 	add	a,@r0
      000BF8 FA               [12] 2723 	mov	r2,a
      000BF9 EB               [12] 2724 	mov	a,r3
      000BFA 08               [12] 2725 	inc	r0
      000BFB 36               [12] 2726 	addc	a,@r0
      000BFC FB               [12] 2727 	mov	r3,a
      000BFD 08               [12] 2728 	inc	r0
      000BFE 86 07            [24] 2729 	mov	ar7,@r0
      000C00 C0 07            [24] 2730 	push	ar7
      000C02 C0 04            [24] 2731 	push	ar4
      000C04 C0 03            [24] 2732 	push	ar3
      000C06 C0 02            [24] 2733 	push	ar2
      000C08 12r0Fr3F         [24] 2734 	lcall	_isp_read_14s
      000C0B AD 82            [24] 2735 	mov	r5,dpl
      000C0D AE 83            [24] 2736 	mov	r6,dph
      000C0F D0 02            [24] 2737 	pop	ar2
      000C11 D0 03            [24] 2738 	pop	ar3
      000C13 D0 04            [24] 2739 	pop	ar4
      000C15 D0 07            [24] 2740 	pop	ar7
      000C17 8A 82            [24] 2741 	mov	dpl,r2
      000C19 8B 83            [24] 2742 	mov	dph,r3
      000C1B 8F F0            [24] 2743 	mov	b,r7
      000C1D ED               [12] 2744 	mov	a,r5
      000C1E 12r00r00         [24] 2745 	lcall	__gptrput
      000C21 A3               [24] 2746 	inc	dptr
      000C22 EE               [12] 2747 	mov	a,r6
      000C23 12r00r00         [24] 2748 	lcall	__gptrput
                                   2749 ;	isp.c:326: isp_send(0x06, 6);
      000C26 C0 04            [24] 2750 	push	ar4
      000C28 74 06            [12] 2751 	mov	a,#0x06
      000C2A C0 E0            [24] 2752 	push	acc
      000C2C 90 00 06         [24] 2753 	mov	dptr,#0x0006
      000C2F 12r0Fr59         [24] 2754 	lcall	_isp_send
      000C32 15 81            [12] 2755 	dec	sp
      000C34 D0 04            [24] 2756 	pop	ar4
                                   2757 ;	isp.c:323: for (i = 0; i < num_words; i++) {
      000C36 0C               [12] 2758 	inc	r4
      000C37 80 98            [24] 2759 	sjmp	00103$
      000C39                       2760 00105$:
                                   2761 ;	isp.c:328: }
      000C39 85*00 81         [24] 2762 	mov	sp,_bp
      000C3C D0*00            [24] 2763 	pop	_bp
      000C3E 22               [24] 2764 	ret
                                   2765 ;------------------------------------------------------------
                                   2766 ;Allocation info for local variables in function 'isp_read_eeprom'
                                   2767 ;------------------------------------------------------------
                                   2768 ;n                         Allocated to stack - _bp -3
                                   2769 ;t                         Allocated to stack - _bp -4
                                   2770 ;data                      Allocated to stack - _bp +1
                                   2771 ;i                         Allocated to stack - _bp +4
                                   2772 ;------------------------------------------------------------
                                   2773 ;	isp.c:331: void isp_read_eeprom (unsigned char *data, unsigned char n, unsigned char t) {
                                   2774 ;	-----------------------------------------
                                   2775 ;	 function isp_read_eeprom
                                   2776 ;	-----------------------------------------
      000C3F                       2777 _isp_read_eeprom:
      000C3F C0*00            [24] 2778 	push	_bp
      000C41 85 81*00         [24] 2779 	mov	_bp,sp
      000C44 C0 82            [24] 2780 	push	dpl
      000C46 C0 83            [24] 2781 	push	dph
      000C48 C0 F0            [24] 2782 	push	b
      000C4A 05 81            [12] 2783 	inc	sp
                                   2784 ;	isp.c:335: for (i = 0; i < n; i++) {
      000C4C E5*00            [12] 2785 	mov	a,_bp
      000C4E 24 FC            [12] 2786 	add	a,#0xfc
      000C50 F8               [12] 2787 	mov	r0,a
      000C51 E4               [12] 2788 	clr	a
      000C52 B6 61 01         [24] 2789 	cjne	@r0,#0x61,00129$
      000C55 04               [12] 2790 	inc	a
      000C56                       2791 00129$:
      000C56 FC               [12] 2792 	mov	r4,a
      000C57 E5*00            [12] 2793 	mov	a,_bp
      000C59 24 FC            [12] 2794 	add	a,#0xfc
      000C5B F8               [12] 2795 	mov	r0,a
      000C5C E4               [12] 2796 	clr	a
      000C5D B6 64 01         [24] 2797 	cjne	@r0,#0x64,00131$
      000C60 04               [12] 2798 	inc	a
      000C61                       2799 00131$:
      000C61 FB               [12] 2800 	mov	r3,a
      000C62 E5*00            [12] 2801 	mov	a,_bp
      000C64 24 04            [12] 2802 	add	a,#0x04
      000C66 F8               [12] 2803 	mov	r0,a
      000C67 76 00            [12] 2804 	mov	@r0,#0x00
      000C69                       2805 00108$:
      000C69 E5*00            [12] 2806 	mov	a,_bp
      000C6B 24 04            [12] 2807 	add	a,#0x04
      000C6D F8               [12] 2808 	mov	r0,a
      000C6E E5*00            [12] 2809 	mov	a,_bp
      000C70 24 FD            [12] 2810 	add	a,#0xfd
      000C72 F9               [12] 2811 	mov	r1,a
      000C73 C3               [12] 2812 	clr	c
      000C74 E6               [12] 2813 	mov	a,@r0
      000C75 97               [12] 2814 	subb	a,@r1
      000C76 40 03            [24] 2815 	jc	00133$
      000C78 02r0CrFD         [24] 2816 	ljmp	00110$
      000C7B                       2817 00133$:
                                   2818 ;	isp.c:336: if (t == 'a')
      000C7B EC               [12] 2819 	mov	a,r4
      000C7C 60 16            [24] 2820 	jz	00104$
                                   2821 ;	isp.c:337: isp_send(0x05, 6); // read from data mem _A
      000C7E C0 04            [24] 2822 	push	ar4
      000C80 C0 03            [24] 2823 	push	ar3
      000C82 74 06            [12] 2824 	mov	a,#0x06
      000C84 C0 E0            [24] 2825 	push	acc
      000C86 90 00 05         [24] 2826 	mov	dptr,#0x0005
      000C89 12r0Fr59         [24] 2827 	lcall	_isp_send
      000C8C 15 81            [12] 2828 	dec	sp
      000C8E D0 03            [24] 2829 	pop	ar3
      000C90 D0 04            [24] 2830 	pop	ar4
      000C92 80 17            [24] 2831 	sjmp	00105$
      000C94                       2832 00104$:
                                   2833 ;	isp.c:338: else if (t == 'd')
      000C94 EB               [12] 2834 	mov	a,r3
      000C95 60 14            [24] 2835 	jz	00105$
                                   2836 ;	isp.c:339: isp_send(0x04, 6); // read _D
      000C97 C0 04            [24] 2837 	push	ar4
      000C99 C0 03            [24] 2838 	push	ar3
      000C9B 74 06            [12] 2839 	mov	a,#0x06
      000C9D C0 E0            [24] 2840 	push	acc
      000C9F 90 00 04         [24] 2841 	mov	dptr,#0x0004
      000CA2 12r0Fr59         [24] 2842 	lcall	_isp_send
      000CA5 15 81            [12] 2843 	dec	sp
      000CA7 D0 03            [24] 2844 	pop	ar3
      000CA9 D0 04            [24] 2845 	pop	ar4
      000CAB                       2846 00105$:
                                   2847 ;	isp.c:340: data[i] = (unsigned char)(isp_read_14s() & 0xff); // only 8 lsb is valid data - data(8) zero(6)
      000CAB C0 03            [24] 2848 	push	ar3
      000CAD A8*00            [24] 2849 	mov	r0,_bp
      000CAF 08               [12] 2850 	inc	r0
      000CB0 E5*00            [12] 2851 	mov	a,_bp
      000CB2 24 04            [12] 2852 	add	a,#0x04
      000CB4 F9               [12] 2853 	mov	r1,a
      000CB5 E7               [12] 2854 	mov	a,@r1
      000CB6 26               [12] 2855 	add	a,@r0
      000CB7 FB               [12] 2856 	mov	r3,a
      000CB8 E4               [12] 2857 	clr	a
      000CB9 08               [12] 2858 	inc	r0
      000CBA 36               [12] 2859 	addc	a,@r0
      000CBB FE               [12] 2860 	mov	r6,a
      000CBC 08               [12] 2861 	inc	r0
      000CBD 86 07            [24] 2862 	mov	ar7,@r0
      000CBF C0 07            [24] 2863 	push	ar7
      000CC1 C0 06            [24] 2864 	push	ar6
      000CC3 C0 04            [24] 2865 	push	ar4
      000CC5 C0 03            [24] 2866 	push	ar3
      000CC7 12r0Fr3F         [24] 2867 	lcall	_isp_read_14s
      000CCA AA 82            [24] 2868 	mov	r2,dpl
      000CCC D0 03            [24] 2869 	pop	ar3
      000CCE D0 04            [24] 2870 	pop	ar4
      000CD0 D0 06            [24] 2871 	pop	ar6
      000CD2 D0 07            [24] 2872 	pop	ar7
      000CD4 8B 82            [24] 2873 	mov	dpl,r3
      000CD6 8E 83            [24] 2874 	mov	dph,r6
      000CD8 8F F0            [24] 2875 	mov	b,r7
      000CDA EA               [12] 2876 	mov	a,r2
      000CDB 12r00r00         [24] 2877 	lcall	__gptrput
                                   2878 ;	isp.c:341: isp_send(0x06, 6); // inc address
      000CDE C0 04            [24] 2879 	push	ar4
      000CE0 C0 03            [24] 2880 	push	ar3
      000CE2 74 06            [12] 2881 	mov	a,#0x06
      000CE4 C0 E0            [24] 2882 	push	acc
      000CE6 90 00 06         [24] 2883 	mov	dptr,#0x0006
      000CE9 12r0Fr59         [24] 2884 	lcall	_isp_send
      000CEC 15 81            [12] 2885 	dec	sp
      000CEE D0 03            [24] 2886 	pop	ar3
      000CF0 D0 04            [24] 2887 	pop	ar4
                                   2888 ;	isp.c:335: for (i = 0; i < n; i++) {
      000CF2 E5*00            [12] 2889 	mov	a,_bp
      000CF4 24 04            [12] 2890 	add	a,#0x04
      000CF6 F8               [12] 2891 	mov	r0,a
      000CF7 06               [12] 2892 	inc	@r0
      000CF8 D0 03            [24] 2893 	pop	ar3
      000CFA 02r0Cr69         [24] 2894 	ljmp	00108$
      000CFD                       2895 00110$:
                                   2896 ;	isp.c:343: }
      000CFD 85*00 81         [24] 2897 	mov	sp,_bp
      000D00 D0*00            [24] 2898 	pop	_bp
      000D02 22               [24] 2899 	ret
                                   2900 ;------------------------------------------------------------
                                   2901 ;Allocation info for local variables in function 'isp_write_pgm'
                                   2902 ;------------------------------------------------------------
                                   2903 ;n                         Allocated to stack - _bp -3
                                   2904 ;slow                      Allocated to stack - _bp -4
                                   2905 ;data                      Allocated to stack - _bp +1
                                   2906 ;i                         Allocated to registers r4 
                                   2907 ;------------------------------------------------------------
                                   2908 ;	isp.c:357: void isp_write_pgm (unsigned int *data, unsigned char n, unsigned char slow) {
                                   2909 ;	-----------------------------------------
                                   2910 ;	 function isp_write_pgm
                                   2911 ;	-----------------------------------------
      000D03                       2912 _isp_write_pgm:
      000D03 C0*00            [24] 2913 	push	_bp
      000D05 85 81*00         [24] 2914 	mov	_bp,sp
      000D08 C0 82            [24] 2915 	push	dpl
      000D0A C0 83            [24] 2916 	push	dph
      000D0C C0 F0            [24] 2917 	push	b
                                   2918 ;	isp.c:361: for (i = 0; i < n; i++) {
      000D0E 7C 00            [12] 2919 	mov	r4,#0x00
      000D10                       2920 00108$:
      000D10 E5*00            [12] 2921 	mov	a,_bp
      000D12 24 FD            [12] 2922 	add	a,#0xfd
      000D14 F8               [12] 2923 	mov	r0,a
      000D15 C3               [12] 2924 	clr	c
      000D16 EC               [12] 2925 	mov	a,r4
      000D17 96               [12] 2926 	subb	a,@r0
      000D18 40 03            [24] 2927 	jc	00129$
      000D1A 02r0Dr96         [24] 2928 	ljmp	00103$
      000D1D                       2929 00129$:
                                   2930 ;	isp.c:362: isp_send(0x02, 6); // load data cmd
      000D1D C0 04            [24] 2931 	push	ar4
      000D1F 74 06            [12] 2932 	mov	a,#0x06
      000D21 C0 E0            [24] 2933 	push	acc
      000D23 90 00 02         [24] 2934 	mov	dptr,#0x0002
      000D26 12r0Fr59         [24] 2935 	lcall	_isp_send
      000D29 15 81            [12] 2936 	dec	sp
      000D2B D0 04            [24] 2937 	pop	ar4
                                   2938 ;	isp.c:363: isp_send(data[i] << 1, 16); // data
      000D2D EC               [12] 2939 	mov	a,r4
      000D2E 75 F0 02         [24] 2940 	mov	b,#0x02
      000D31 A4               [48] 2941 	mul	ab
      000D32 FA               [12] 2942 	mov	r2,a
      000D33 AB F0            [24] 2943 	mov	r3,b
      000D35 A8*00            [24] 2944 	mov	r0,_bp
      000D37 08               [12] 2945 	inc	r0
      000D38 EA               [12] 2946 	mov	a,r2
      000D39 26               [12] 2947 	add	a,@r0
      000D3A FA               [12] 2948 	mov	r2,a
      000D3B EB               [12] 2949 	mov	a,r3
      000D3C 08               [12] 2950 	inc	r0
      000D3D 36               [12] 2951 	addc	a,@r0
      000D3E FB               [12] 2952 	mov	r3,a
      000D3F 08               [12] 2953 	inc	r0
      000D40 86 07            [24] 2954 	mov	ar7,@r0
      000D42 8A 82            [24] 2955 	mov	dpl,r2
      000D44 8B 83            [24] 2956 	mov	dph,r3
      000D46 8F F0            [24] 2957 	mov	b,r7
      000D48 12r00r00         [24] 2958 	lcall	__gptrget
      000D4B FA               [12] 2959 	mov	r2,a
      000D4C A3               [24] 2960 	inc	dptr
      000D4D 12r00r00         [24] 2961 	lcall	__gptrget
      000D50 FB               [12] 2962 	mov	r3,a
      000D51 EA               [12] 2963 	mov	a,r2
      000D52 2A               [12] 2964 	add	a,r2
      000D53 F5 82            [12] 2965 	mov	dpl,a
      000D55 EB               [12] 2966 	mov	a,r3
      000D56 33               [12] 2967 	rlc	a
      000D57 F5 83            [12] 2968 	mov	dph,a
      000D59 C0 04            [24] 2969 	push	ar4
      000D5B 74 10            [12] 2970 	mov	a,#0x10
      000D5D C0 E0            [24] 2971 	push	acc
      000D5F 12r0Fr59         [24] 2972 	lcall	_isp_send
      000D62 15 81            [12] 2973 	dec	sp
      000D64 D0 04            [24] 2974 	pop	ar4
                                   2975 ;	isp.c:364: if (i != (n - 1))
      000D66 E5*00            [12] 2976 	mov	a,_bp
      000D68 24 FD            [12] 2977 	add	a,#0xfd
      000D6A F8               [12] 2978 	mov	r0,a
      000D6B 86 06            [24] 2979 	mov	ar6,@r0
      000D6D 7F 00            [12] 2980 	mov	r7,#0x00
      000D6F 1E               [12] 2981 	dec	r6
      000D70 BE FF 01         [24] 2982 	cjne	r6,#0xff,00130$
      000D73 1F               [12] 2983 	dec	r7
      000D74                       2984 00130$:
      000D74 8C 03            [24] 2985 	mov	ar3,r4
      000D76 7D 00            [12] 2986 	mov	r5,#0x00
      000D78 EB               [12] 2987 	mov	a,r3
      000D79 B5 06 06         [24] 2988 	cjne	a,ar6,00131$
      000D7C ED               [12] 2989 	mov	a,r5
      000D7D B5 07 02         [24] 2990 	cjne	a,ar7,00131$
      000D80 80 10            [24] 2991 	sjmp	00109$
      000D82                       2992 00131$:
                                   2993 ;	isp.c:365: isp_send(0x06, 6); // inc PC pointer
      000D82 C0 04            [24] 2994 	push	ar4
      000D84 74 06            [12] 2995 	mov	a,#0x06
      000D86 C0 E0            [24] 2996 	push	acc
      000D88 90 00 06         [24] 2997 	mov	dptr,#0x0006
      000D8B 12r0Fr59         [24] 2998 	lcall	_isp_send
      000D8E 15 81            [12] 2999 	dec	sp
      000D90 D0 04            [24] 3000 	pop	ar4
      000D92                       3001 00109$:
                                   3002 ;	isp.c:361: for (i = 0; i < n; i++) {
      000D92 0C               [12] 3003 	inc	r4
      000D93 02r0Dr10         [24] 3004 	ljmp	00108$
      000D96                       3005 00103$:
                                   3006 ;	isp.c:367: isp_send(0x08, 6); // begin internal programming cmd, Tpint
      000D96 74 06            [12] 3007 	mov	a,#0x06
      000D98 C0 E0            [24] 3008 	push	acc
      000D9A 90 00 08         [24] 3009 	mov	dptr,#0x0008
      000D9D 12r0Fr59         [24] 3010 	lcall	_isp_send
      000DA0 15 81            [12] 3011 	dec	sp
                                   3012 ;	isp.c:368: if (slow == 1) // config words
      000DA2 E5*00            [12] 3013 	mov	a,_bp
      000DA4 24 FC            [12] 3014 	add	a,#0xfc
      000DA6 F8               [12] 3015 	mov	r0,a
      000DA7 B6 01 08         [24] 3016 	cjne	@r0,#0x01,00105$
                                   3017 ;	isp.c:369: DLY_ms(5);
      000DAA 90 00 05         [24] 3018 	mov	dptr,#0x0005
      000DAD 12r00r00         [24] 3019 	lcall	_DLY_ms
      000DB0 80 06            [24] 3020 	sjmp	00106$
      000DB2                       3021 00105$:
                                   3022 ;	isp.c:371: DLY_ms(3);
      000DB2 90 00 03         [24] 3023 	mov	dptr,#0x0003
      000DB5 12r00r00         [24] 3024 	lcall	_DLY_ms
      000DB8                       3025 00106$:
                                   3026 ;	isp.c:372: isp_send(0x06, 6); // inc PC pointer
      000DB8 74 06            [12] 3027 	mov	a,#0x06
      000DBA C0 E0            [24] 3028 	push	acc
      000DBC 90 00 06         [24] 3029 	mov	dptr,#0x0006
      000DBF 12r0Fr59         [24] 3030 	lcall	_isp_send
      000DC2 15 81            [12] 3031 	dec	sp
                                   3032 ;	isp.c:373: }
      000DC4 85*00 81         [24] 3033 	mov	sp,_bp
      000DC7 D0*00            [24] 3034 	pop	_bp
      000DC9 22               [24] 3035 	ret
                                   3036 ;------------------------------------------------------------
                                   3037 ;Allocation info for local variables in function 'isp_send_config'
                                   3038 ;------------------------------------------------------------
                                   3039 ;data                      Allocated to registers r6 r7 
                                   3040 ;------------------------------------------------------------
                                   3041 ;	isp.c:375: void isp_send_config (unsigned int data)
                                   3042 ;	-----------------------------------------
                                   3043 ;	 function isp_send_config
                                   3044 ;	-----------------------------------------
      000DCA                       3045 _isp_send_config:
      000DCA AE 82            [24] 3046 	mov	r6,dpl
      000DCC AF 83            [24] 3047 	mov	r7,dph
                                   3048 ;	isp.c:377: isp_send(0x00,6);
      000DCE C0 07            [24] 3049 	push	ar7
      000DD0 C0 06            [24] 3050 	push	ar6
      000DD2 74 06            [12] 3051 	mov	a,#0x06
      000DD4 C0 E0            [24] 3052 	push	acc
      000DD6 90 00 00         [24] 3053 	mov	dptr,#0x0000
      000DD9 12r0Fr59         [24] 3054 	lcall	_isp_send
      000DDC 15 81            [12] 3055 	dec	sp
      000DDE D0 06            [24] 3056 	pop	ar6
      000DE0 D0 07            [24] 3057 	pop	ar7
                                   3058 ;	isp.c:378: isp_send(data,16);
      000DE2 74 10            [12] 3059 	mov	a,#0x10
      000DE4 C0 E0            [24] 3060 	push	acc
      000DE6 8E 82            [24] 3061 	mov	dpl,r6
      000DE8 8F 83            [24] 3062 	mov	dph,r7
      000DEA 12r0Fr59         [24] 3063 	lcall	_isp_send
      000DED 15 81            [12] 3064 	dec	sp
                                   3065 ;	isp.c:379: }
      000DEF 22               [24] 3066 	ret
                                   3067 ;------------------------------------------------------------
                                   3068 ;Allocation info for local variables in function 'isp_mass_erase'
                                   3069 ;------------------------------------------------------------
                                   3070 ;	isp.c:381: void isp_mass_erase (void) {
                                   3071 ;	-----------------------------------------
                                   3072 ;	 function isp_mass_erase
                                   3073 ;	-----------------------------------------
      000DF0                       3074 _isp_mass_erase:
                                   3075 ;	isp.c:385: isp_send_config(0);
      000DF0 90 00 00         [24] 3076 	mov	dptr,#0x0000
      000DF3 12r0DrCA         [24] 3077 	lcall	_isp_send_config
                                   3078 ;	isp.c:386: isp_send(0x09, 6);
      000DF6 74 06            [12] 3079 	mov	a,#0x06
      000DF8 C0 E0            [24] 3080 	push	acc
      000DFA 90 00 09         [24] 3081 	mov	dptr,#0x0009
      000DFD 12r0Fr59         [24] 3082 	lcall	_isp_send
      000E00 15 81            [12] 3083 	dec	sp
                                   3084 ;	isp.c:387: DLY_ms(10); // consult Terab in mem prog manual
      000E02 90 00 0A         [24] 3085 	mov	dptr,#0x000a
                                   3086 ;	isp.c:390: }
      000E05 02r00r00         [24] 3087 	ljmp	_DLY_ms
                                   3088 ;------------------------------------------------------------
                                   3089 ;Allocation info for local variables in function 'isp_reset_pointer'
                                   3090 ;------------------------------------------------------------
                                   3091 ;	isp.c:394: void isp_reset_pointer (void)
                                   3092 ;	-----------------------------------------
                                   3093 ;	 function isp_reset_pointer
                                   3094 ;	-----------------------------------------
      000E08                       3095 _isp_reset_pointer:
                                   3096 ;	isp.c:397: isp_send(0x16,6);
      000E08 74 06            [12] 3097 	mov	a,#0x06
      000E0A C0 E0            [24] 3098 	push	acc
      000E0C 90 00 16         [24] 3099 	mov	dptr,#0x0016
      000E0F 12r0Fr59         [24] 3100 	lcall	_isp_send
      000E12 15 81            [12] 3101 	dec	sp
                                   3102 ;	isp.c:398: }
      000E14 22               [24] 3103 	ret
                                   3104 ;------------------------------------------------------------
                                   3105 ;Allocation info for local variables in function 'isp_reset_pointer_16d'
                                   3106 ;------------------------------------------------------------
                                   3107 ;	isp.c:400: void isp_reset_pointer_16d (void)
                                   3108 ;	-----------------------------------------
                                   3109 ;	 function isp_reset_pointer_16d
                                   3110 ;	-----------------------------------------
      000E15                       3111 _isp_reset_pointer_16d:
                                   3112 ;	isp.c:403: isp_send(0x1D,6);
      000E15 74 06            [12] 3113 	mov	a,#0x06
      000E17 C0 E0            [24] 3114 	push	acc
      000E19 90 00 1D         [24] 3115 	mov	dptr,#0x001d
      000E1C 12r0Fr59         [24] 3116 	lcall	_isp_send
      000E1F 15 81            [12] 3117 	dec	sp
                                   3118 ;	isp.c:404: isp_send(0x0,8);
      000E21 74 08            [12] 3119 	mov	a,#0x08
      000E23 C0 E0            [24] 3120 	push	acc
      000E25 90 00 00         [24] 3121 	mov	dptr,#0x0000
      000E28 12r0Fr59         [24] 3122 	lcall	_isp_send
      000E2B 15 81            [12] 3123 	dec	sp
                                   3124 ;	isp.c:405: isp_send(0x0,8);
      000E2D 74 08            [12] 3125 	mov	a,#0x08
      000E2F C0 E0            [24] 3126 	push	acc
      000E31 90 00 00         [24] 3127 	mov	dptr,#0x0000
      000E34 12r0Fr59         [24] 3128 	lcall	_isp_send
      000E37 15 81            [12] 3129 	dec	sp
                                   3130 ;	isp.c:406: isp_send(0x0,8);
      000E39 74 08            [12] 3131 	mov	a,#0x08
      000E3B C0 E0            [24] 3132 	push	acc
      000E3D 90 00 00         [24] 3133 	mov	dptr,#0x0000
      000E40 12r0Fr59         [24] 3134 	lcall	_isp_send
      000E43 15 81            [12] 3135 	dec	sp
                                   3136 ;	isp.c:407: }
      000E45 22               [24] 3137 	ret
                                   3138 ;------------------------------------------------------------
                                   3139 ;Allocation info for local variables in function 'isp_set_pointer_16d'
                                   3140 ;------------------------------------------------------------
                                   3141 ;addr                      Allocated to registers r4 r5 r6 r7 
                                   3142 ;------------------------------------------------------------
                                   3143 ;	isp.c:409: void isp_set_pointer_16d(uint32_t addr)
                                   3144 ;	-----------------------------------------
                                   3145 ;	 function isp_set_pointer_16d
                                   3146 ;	-----------------------------------------
      000E46                       3147 _isp_set_pointer_16d:
      000E46 AC 82            [24] 3148 	mov	r4,dpl
      000E48 AD 83            [24] 3149 	mov	r5,dph
      000E4A AE F0            [24] 3150 	mov	r6,b
      000E4C FF               [12] 3151 	mov	r7,a
                                   3152 ;	isp.c:416: addr = addr << 1;
      000E4D EC               [12] 3153 	mov	a,r4
      000E4E 2C               [12] 3154 	add	a,r4
      000E4F FC               [12] 3155 	mov	r4,a
      000E50 ED               [12] 3156 	mov	a,r5
      000E51 33               [12] 3157 	rlc	a
      000E52 FD               [12] 3158 	mov	r5,a
      000E53 EE               [12] 3159 	mov	a,r6
      000E54 33               [12] 3160 	rlc	a
      000E55 FE               [12] 3161 	mov	r6,a
      000E56 EF               [12] 3162 	mov	a,r7
      000E57 33               [12] 3163 	rlc	a
      000E58 FF               [12] 3164 	mov	r7,a
                                   3165 ;	isp.c:418: isp_send(0x1D,6);
      000E59 C0 07            [24] 3166 	push	ar7
      000E5B C0 06            [24] 3167 	push	ar6
      000E5D C0 05            [24] 3168 	push	ar5
      000E5F C0 04            [24] 3169 	push	ar4
      000E61 74 06            [12] 3170 	mov	a,#0x06
      000E63 C0 E0            [24] 3171 	push	acc
      000E65 90 00 1D         [24] 3172 	mov	dptr,#0x001d
      000E68 12r0Fr59         [24] 3173 	lcall	_isp_send
      000E6B 15 81            [12] 3174 	dec	sp
      000E6D D0 04            [24] 3175 	pop	ar4
                                   3176 ;	isp.c:419: isp_send(addr & 0xff,8); // 0 + lsb
      000E6F 8C 02            [24] 3177 	mov	ar2,r4
      000E71 8A 82            [24] 3178 	mov	dpl,r2
      000E73 75 83 00         [24] 3179 	mov	dph,#0x00
      000E76 C0 04            [24] 3180 	push	ar4
      000E78 74 08            [12] 3181 	mov	a,#0x08
      000E7A C0 E0            [24] 3182 	push	acc
      000E7C 12r0Fr59         [24] 3183 	lcall	_isp_send
      000E7F 15 81            [12] 3184 	dec	sp
      000E81 D0 04            [24] 3185 	pop	ar4
      000E83 D0 05            [24] 3186 	pop	ar5
                                   3187 ;	isp.c:420: isp_send((addr >> 8) & 0xff,8);
      000E85 8D 02            [24] 3188 	mov	ar2,r5
      000E87 8A 82            [24] 3189 	mov	dpl,r2
      000E89 75 83 00         [24] 3190 	mov	dph,#0x00
      000E8C C0 05            [24] 3191 	push	ar5
      000E8E C0 04            [24] 3192 	push	ar4
      000E90 74 08            [12] 3193 	mov	a,#0x08
      000E92 C0 E0            [24] 3194 	push	acc
      000E94 12r0Fr59         [24] 3195 	lcall	_isp_send
      000E97 15 81            [12] 3196 	dec	sp
      000E99 D0 04            [24] 3197 	pop	ar4
      000E9B D0 05            [24] 3198 	pop	ar5
      000E9D D0 06            [24] 3199 	pop	ar6
      000E9F D0 07            [24] 3200 	pop	ar7
                                   3201 ;	isp.c:421: isp_send((addr >> 16) & 0xff,8); // msb
      000EA1 8E 04            [24] 3202 	mov	ar4,r6
      000EA3 8C 82            [24] 3203 	mov	dpl,r4
      000EA5 75 83 00         [24] 3204 	mov	dph,#0x00
      000EA8 74 08            [12] 3205 	mov	a,#0x08
      000EAA C0 E0            [24] 3206 	push	acc
      000EAC 12r0Fr59         [24] 3207 	lcall	_isp_send
      000EAF 15 81            [12] 3208 	dec	sp
                                   3209 ;	isp.c:422: }
      000EB1 22               [24] 3210 	ret
                                   3211 ;------------------------------------------------------------
                                   3212 ;Allocation info for local variables in function 'isp_inc_pointer'
                                   3213 ;------------------------------------------------------------
                                   3214 ;	isp.c:424: void isp_inc_pointer (void)
                                   3215 ;	-----------------------------------------
                                   3216 ;	 function isp_inc_pointer
                                   3217 ;	-----------------------------------------
      000EB2                       3218 _isp_inc_pointer:
                                   3219 ;	isp.c:427: isp_send(0x06,6);
      000EB2 74 06            [12] 3220 	mov	a,#0x06
      000EB4 C0 E0            [24] 3221 	push	acc
      000EB6 90 00 06         [24] 3222 	mov	dptr,#0x0006
      000EB9 12r0Fr59         [24] 3223 	lcall	_isp_send
      000EBC 15 81            [12] 3224 	dec	sp
                                   3225 ;	isp.c:428: }
      000EBE 22               [24] 3226 	ret
                                   3227 ;------------------------------------------------------------
                                   3228 ;Allocation info for local variables in function 'isp_read_16'
                                   3229 ;------------------------------------------------------------
                                   3230 ;i                         Allocated to registers r5 
                                   3231 ;out                       Allocated to registers r6 r7 
                                   3232 ;------------------------------------------------------------
                                   3233 ;	isp.c:431: unsigned int isp_read_16(void) {
                                   3234 ;	-----------------------------------------
                                   3235 ;	 function isp_read_16
                                   3236 ;	-----------------------------------------
      000EBF                       3237 _isp_read_16:
                                   3238 ;	isp.c:438: out = 0;
      000EBF 7E 00            [12] 3239 	mov	r6,#0x00
      000EC1 7F 00            [12] 3240 	mov	r7,#0x00
                                   3241 ;	isp.c:439: ISP_DAT_D_I
      000EC3 53 93 7F         [24] 3242 	anl	_P1_DIR_PU,#0x7f
      000EC6 53 92 7F         [24] 3243 	anl	_P1_MOD_OC,#0x7f
                                   3244 ;	isp.c:441: for (i=0; i < 16; i++) {
      000EC9 7D 00            [12] 3245 	mov	r5,#0x00
      000ECB                       3246 00104$:
                                   3247 ;	isp.c:442: ISP_CLK_1
                                   3248 ;	assignBit
      000ECB D2 96            [12] 3249 	setb	_PP16
                                   3250 ;	isp.c:443: DLY_us(ISP_CLK_DELAY);
      000ECD 90 00 01         [24] 3251 	mov	dptr,#0x0001
      000ED0 C0 07            [24] 3252 	push	ar7
      000ED2 C0 06            [24] 3253 	push	ar6
      000ED4 C0 05            [24] 3254 	push	ar5
      000ED6 12r00r00         [24] 3255 	lcall	_DLY_us
                                   3256 ;	isp.c:444: ISP_CLK_0
                                   3257 ;	assignBit
      000ED9 C2 96            [12] 3258 	clr	_PP16
                                   3259 ;	isp.c:445: DLY_us(ISP_CLK_DELAY);
      000EDB 90 00 01         [24] 3260 	mov	dptr,#0x0001
      000EDE 12r00r00         [24] 3261 	lcall	_DLY_us
      000EE1 D0 05            [24] 3262 	pop	ar5
      000EE3 D0 06            [24] 3263 	pop	ar6
      000EE5 D0 07            [24] 3264 	pop	ar7
                                   3265 ;	isp.c:446: out = out >> 1;
      000EE7 EF               [12] 3266 	mov	a,r7
      000EE8 C3               [12] 3267 	clr	c
      000EE9 13               [12] 3268 	rrc	a
      000EEA CE               [12] 3269 	xch	a,r6
      000EEB 13               [12] 3270 	rrc	a
      000EEC CE               [12] 3271 	xch	a,r6
      000EED FF               [12] 3272 	mov	r7,a
                                   3273 ;	isp.c:447: if (ISP_DAT_V)
      000EEE 30 97 03         [24] 3274 	jnb	_PP17,00105$
                                   3275 ;	isp.c:448: out = out | 0x8000;
      000EF1 43 07 80         [24] 3276 	orl	ar7,#0x80
      000EF4                       3277 00105$:
                                   3278 ;	isp.c:441: for (i=0; i < 16; i++) {
      000EF4 0D               [12] 3279 	inc	r5
      000EF5 BD 10 00         [24] 3280 	cjne	r5,#0x10,00122$
      000EF8                       3281 00122$:
      000EF8 40 D1            [24] 3282 	jc	00104$
                                   3283 ;	isp.c:450: return out;
      000EFA 8E 82            [24] 3284 	mov	dpl,r6
      000EFC 8F 83            [24] 3285 	mov	dph,r7
                                   3286 ;	isp.c:451: }
      000EFE 22               [24] 3287 	ret
                                   3288 ;------------------------------------------------------------
                                   3289 ;Allocation info for local variables in function 'isp_read_8'
                                   3290 ;------------------------------------------------------------
                                   3291 ;i                         Allocated to registers r5 
                                   3292 ;out                       Allocated to registers r6 r7 
                                   3293 ;------------------------------------------------------------
                                   3294 ;	isp.c:453: unsigned int isp_read_8 (void)
                                   3295 ;	-----------------------------------------
                                   3296 ;	 function isp_read_8
                                   3297 ;	-----------------------------------------
      000EFF                       3298 _isp_read_8:
                                   3299 ;	isp.c:457: out = 0;
      000EFF 7E 00            [12] 3300 	mov	r6,#0x00
      000F01 7F 00            [12] 3301 	mov	r7,#0x00
                                   3302 ;	isp.c:458: ISP_DAT_D_I
      000F03 53 93 7F         [24] 3303 	anl	_P1_DIR_PU,#0x7f
      000F06 53 92 7F         [24] 3304 	anl	_P1_MOD_OC,#0x7f
                                   3305 ;	isp.c:460: for (i=0;i<8;i++)
      000F09 7D 00            [12] 3306 	mov	r5,#0x00
      000F0B                       3307 00104$:
                                   3308 ;	isp.c:462: ISP_CLK_1
                                   3309 ;	assignBit
      000F0B D2 96            [12] 3310 	setb	_PP16
                                   3311 ;	isp.c:463: DLY_us(ISP_CLK_DELAY);
      000F0D 90 00 01         [24] 3312 	mov	dptr,#0x0001
      000F10 C0 07            [24] 3313 	push	ar7
      000F12 C0 06            [24] 3314 	push	ar6
      000F14 C0 05            [24] 3315 	push	ar5
      000F16 12r00r00         [24] 3316 	lcall	_DLY_us
                                   3317 ;	isp.c:464: ISP_CLK_0
                                   3318 ;	assignBit
      000F19 C2 96            [12] 3319 	clr	_PP16
                                   3320 ;	isp.c:465: DLY_us(ISP_CLK_DELAY);
      000F1B 90 00 01         [24] 3321 	mov	dptr,#0x0001
      000F1E 12r00r00         [24] 3322 	lcall	_DLY_us
      000F21 D0 05            [24] 3323 	pop	ar5
      000F23 D0 06            [24] 3324 	pop	ar6
      000F25 D0 07            [24] 3325 	pop	ar7
                                   3326 ;	isp.c:466: out = out >> 1;
      000F27 EF               [12] 3327 	mov	a,r7
      000F28 C3               [12] 3328 	clr	c
      000F29 13               [12] 3329 	rrc	a
      000F2A CE               [12] 3330 	xch	a,r6
      000F2B 13               [12] 3331 	rrc	a
      000F2C CE               [12] 3332 	xch	a,r6
      000F2D FF               [12] 3333 	mov	r7,a
                                   3334 ;	isp.c:467: if (ISP_DAT_V)
      000F2E 30 97 03         [24] 3335 	jnb	_PP17,00105$
                                   3336 ;	isp.c:468: out = out | 0x80;
      000F31 43 06 80         [24] 3337 	orl	ar6,#0x80
      000F34                       3338 00105$:
                                   3339 ;	isp.c:460: for (i=0;i<8;i++)
      000F34 0D               [12] 3340 	inc	r5
      000F35 BD 08 00         [24] 3341 	cjne	r5,#0x08,00122$
      000F38                       3342 00122$:
      000F38 40 D1            [24] 3343 	jc	00104$
                                   3344 ;	isp.c:470: return out;
      000F3A 8E 82            [24] 3345 	mov	dpl,r6
      000F3C 8F 83            [24] 3346 	mov	dph,r7
                                   3347 ;	isp.c:471: }
      000F3E 22               [24] 3348 	ret
                                   3349 ;------------------------------------------------------------
                                   3350 ;Allocation info for local variables in function 'isp_read_14s'
                                   3351 ;------------------------------------------------------------
                                   3352 ;out                       Allocated to registers r6 r7 
                                   3353 ;------------------------------------------------------------
                                   3354 ;	isp.c:473: unsigned int isp_read_14s(void) {
                                   3355 ;	-----------------------------------------
                                   3356 ;	 function isp_read_14s
                                   3357 ;	-----------------------------------------
      000F3F                       3358 _isp_read_14s:
                                   3359 ;	isp.c:481: out = isp_read_16();
      000F3F 12r0ErBF         [24] 3360 	lcall	_isp_read_16
      000F42 AE 82            [24] 3361 	mov	r6,dpl
      000F44 AF 83            [24] 3362 	mov	r7,dph
                                   3363 ;	isp.c:482: out = out & 0x7FFE;
      000F46 53 06 FE         [24] 3364 	anl	ar6,#0xfe
      000F49 53 07 7F         [24] 3365 	anl	ar7,#0x7f
                                   3366 ;	isp.c:483: out = out >> 1;
      000F4C 8E 82            [24] 3367 	mov	dpl,r6
      000F4E EF               [12] 3368 	mov	a,r7
      000F4F C3               [12] 3369 	clr	c
      000F50 13               [12] 3370 	rrc	a
      000F51 C5 82            [12] 3371 	xch	a,dpl
      000F53 13               [12] 3372 	rrc	a
      000F54 C5 82            [12] 3373 	xch	a,dpl
      000F56 F5 83            [12] 3374 	mov	dph,a
                                   3375 ;	isp.c:484: return out;
                                   3376 ;	isp.c:485: }
      000F58 22               [24] 3377 	ret
                                   3378 ;------------------------------------------------------------
                                   3379 ;Allocation info for local variables in function 'isp_send'
                                   3380 ;------------------------------------------------------------
                                   3381 ;num_bits                  Allocated to stack - _bp -3
                                   3382 ;data                      Allocated to registers r6 r7 
                                   3383 ;i                         Allocated to registers r5 
                                   3384 ;------------------------------------------------------------
                                   3385 ;	isp.c:489: void isp_send (unsigned int data, unsigned char num_bits) {
                                   3386 ;	-----------------------------------------
                                   3387 ;	 function isp_send
                                   3388 ;	-----------------------------------------
      000F59                       3389 _isp_send:
      000F59 C0*00            [24] 3390 	push	_bp
      000F5B 85 81*00         [24] 3391 	mov	_bp,sp
      000F5E AE 82            [24] 3392 	mov	r6,dpl
      000F60 AF 83            [24] 3393 	mov	r7,dph
                                   3394 ;	isp.c:492: ISP_DAT_D_O
      000F62 53 92 7F         [24] 3395 	anl	_P1_MOD_OC,#0x7f
      000F65 43 93 80         [24] 3396 	orl	_P1_DIR_PU,#0x80
                                   3397 ;	isp.c:495: for (i = 0; i < num_bits; i++) {
      000F68 7D 00            [12] 3398 	mov	r5,#0x00
      000F6A                       3399 00106$:
      000F6A E5*00            [12] 3400 	mov	a,_bp
      000F6C 24 FD            [12] 3401 	add	a,#0xfd
      000F6E F8               [12] 3402 	mov	r0,a
      000F6F C3               [12] 3403 	clr	c
      000F70 ED               [12] 3404 	mov	a,r5
      000F71 96               [12] 3405 	subb	a,@r0
      000F72 50 2C            [24] 3406 	jnc	00108$
                                   3407 ;	isp.c:496: if (data&0x01)
      000F74 EE               [12] 3408 	mov	a,r6
      000F75 30 E0 04         [24] 3409 	jnb	acc.0,00102$
                                   3410 ;	isp.c:497: ISP_DAT_1
                                   3411 ;	assignBit
      000F78 D2 97            [12] 3412 	setb	_PP17
      000F7A 80 02            [24] 3413 	sjmp	00103$
      000F7C                       3414 00102$:
                                   3415 ;	isp.c:499: ISP_DAT_0
                                   3416 ;	assignBit
      000F7C C2 97            [12] 3417 	clr	_PP17
      000F7E                       3418 00103$:
                                   3419 ;	isp.c:501: DLY_us(ISP_CLK_DELAY);
      000F7E 90 00 01         [24] 3420 	mov	dptr,#0x0001
      000F81 C0 07            [24] 3421 	push	ar7
      000F83 C0 06            [24] 3422 	push	ar6
      000F85 C0 05            [24] 3423 	push	ar5
      000F87 12r00r00         [24] 3424 	lcall	_DLY_us
      000F8A D0 05            [24] 3425 	pop	ar5
      000F8C D0 06            [24] 3426 	pop	ar6
      000F8E D0 07            [24] 3427 	pop	ar7
                                   3428 ;	isp.c:502: ISP_CLK_1
                                   3429 ;	assignBit
      000F90 D2 96            [12] 3430 	setb	_PP16
                                   3431 ;	isp.c:504: data = data >> 1;
      000F92 EF               [12] 3432 	mov	a,r7
      000F93 C3               [12] 3433 	clr	c
      000F94 13               [12] 3434 	rrc	a
      000F95 CE               [12] 3435 	xch	a,r6
      000F96 13               [12] 3436 	rrc	a
      000F97 CE               [12] 3437 	xch	a,r6
      000F98 FF               [12] 3438 	mov	r7,a
                                   3439 ;	isp.c:505: ISP_CLK_0
                                   3440 ;	assignBit
      000F99 C2 96            [12] 3441 	clr	_PP16
                                   3442 ;	isp.c:506: ISP_DAT_0
                                   3443 ;	assignBit
      000F9B C2 97            [12] 3444 	clr	_PP17
                                   3445 ;	isp.c:495: for (i = 0; i < num_bits; i++) {
      000F9D 0D               [12] 3446 	inc	r5
      000F9E 80 CA            [24] 3447 	sjmp	00106$
      000FA0                       3448 00108$:
                                   3449 ;	isp.c:509: }
      000FA0 D0*00            [24] 3450 	pop	_bp
      000FA2 22               [24] 3451 	ret
                                   3452 ;------------------------------------------------------------
                                   3453 ;Allocation info for local variables in function 'isp_send_24_msb'
                                   3454 ;------------------------------------------------------------
                                   3455 ;data                      Allocated to registers r4 r5 r6 r7 
                                   3456 ;i                         Allocated to registers r3 
                                   3457 ;------------------------------------------------------------
                                   3458 ;	isp.c:512: void isp_send_24_msb (unsigned long data)
                                   3459 ;	-----------------------------------------
                                   3460 ;	 function isp_send_24_msb
                                   3461 ;	-----------------------------------------
      000FA3                       3462 _isp_send_24_msb:
      000FA3 AC 82            [24] 3463 	mov	r4,dpl
      000FA5 AD 83            [24] 3464 	mov	r5,dph
      000FA7 AE F0            [24] 3465 	mov	r6,b
      000FA9 FF               [12] 3466 	mov	r7,a
                                   3467 ;	isp.c:515: ISP_DAT_D_O
      000FAA 53 92 7F         [24] 3468 	anl	_P1_MOD_OC,#0x7f
      000FAD 43 93 80         [24] 3469 	orl	_P1_DIR_PU,#0x80
                                   3470 ;	isp.c:517: for (i=0;i<23;i++)
      000FB0 7B 00            [12] 3471 	mov	r3,#0x00
      000FB2                       3472 00105$:
                                   3473 ;	isp.c:519: if (data&0x400000)
      000FB2 EE               [12] 3474 	mov	a,r6
      000FB3 30 E6 04         [24] 3475 	jnb	acc.6,00102$
                                   3476 ;	isp.c:521: ISP_DAT_1
                                   3477 ;	assignBit
      000FB6 D2 97            [12] 3478 	setb	_PP17
      000FB8 80 02            [24] 3479 	sjmp	00103$
      000FBA                       3480 00102$:
                                   3481 ;	isp.c:525: ISP_DAT_0
                                   3482 ;	assignBit
      000FBA C2 97            [12] 3483 	clr	_PP17
      000FBC                       3484 00103$:
                                   3485 ;	isp.c:527: DLY_us(ISP_CLK_DELAY);
      000FBC 90 00 01         [24] 3486 	mov	dptr,#0x0001
      000FBF C0 07            [24] 3487 	push	ar7
      000FC1 C0 06            [24] 3488 	push	ar6
      000FC3 C0 05            [24] 3489 	push	ar5
      000FC5 C0 04            [24] 3490 	push	ar4
      000FC7 C0 03            [24] 3491 	push	ar3
      000FC9 12r00r00         [24] 3492 	lcall	_DLY_us
                                   3493 ;	isp.c:528: ISP_CLK_1
                                   3494 ;	assignBit
      000FCC D2 96            [12] 3495 	setb	_PP16
                                   3496 ;	isp.c:529: DLY_us(ISP_CLK_DELAY);
      000FCE 90 00 01         [24] 3497 	mov	dptr,#0x0001
      000FD1 12r00r00         [24] 3498 	lcall	_DLY_us
      000FD4 D0 03            [24] 3499 	pop	ar3
      000FD6 D0 04            [24] 3500 	pop	ar4
      000FD8 D0 05            [24] 3501 	pop	ar5
      000FDA D0 06            [24] 3502 	pop	ar6
      000FDC D0 07            [24] 3503 	pop	ar7
                                   3504 ;	isp.c:530: data = data << 1;
      000FDE EC               [12] 3505 	mov	a,r4
      000FDF 2C               [12] 3506 	add	a,r4
      000FE0 FC               [12] 3507 	mov	r4,a
      000FE1 ED               [12] 3508 	mov	a,r5
      000FE2 33               [12] 3509 	rlc	a
      000FE3 FD               [12] 3510 	mov	r5,a
      000FE4 EE               [12] 3511 	mov	a,r6
      000FE5 33               [12] 3512 	rlc	a
      000FE6 FE               [12] 3513 	mov	r6,a
      000FE7 EF               [12] 3514 	mov	a,r7
      000FE8 33               [12] 3515 	rlc	a
      000FE9 FF               [12] 3516 	mov	r7,a
                                   3517 ;	isp.c:531: ISP_CLK_0
                                   3518 ;	assignBit
      000FEA C2 96            [12] 3519 	clr	_PP16
                                   3520 ;	isp.c:517: for (i=0;i<23;i++)
      000FEC 0B               [12] 3521 	inc	r3
      000FED BB 17 00         [24] 3522 	cjne	r3,#0x17,00123$
      000FF0                       3523 00123$:
      000FF0 40 C0            [24] 3524 	jc	00105$
                                   3525 ;	isp.c:534: ISP_DAT_0
                                   3526 ;	assignBit
      000FF2 C2 97            [12] 3527 	clr	_PP17
                                   3528 ;	isp.c:535: DLY_us(ISP_CLK_DELAY);
      000FF4 90 00 01         [24] 3529 	mov	dptr,#0x0001
      000FF7 12r00r00         [24] 3530 	lcall	_DLY_us
                                   3531 ;	isp.c:536: ISP_CLK_1
                                   3532 ;	assignBit
      000FFA D2 96            [12] 3533 	setb	_PP16
                                   3534 ;	isp.c:537: DLY_us(ISP_CLK_DELAY);
      000FFC 90 00 01         [24] 3535 	mov	dptr,#0x0001
      000FFF 12r00r00         [24] 3536 	lcall	_DLY_us
                                   3537 ;	isp.c:538: ISP_CLK_0
                                   3538 ;	assignBit
      001002 C2 96            [12] 3539 	clr	_PP16
                                   3540 ;	isp.c:539: }
      001004 22               [24] 3541 	ret
                                   3542 ;------------------------------------------------------------
                                   3543 ;Allocation info for local variables in function 'isp_send_8_msb'
                                   3544 ;------------------------------------------------------------
                                   3545 ;data                      Allocated to registers r7 
                                   3546 ;i                         Allocated to registers r6 
                                   3547 ;------------------------------------------------------------
                                   3548 ;	isp.c:541: void isp_send_8_msb (unsigned char data)
                                   3549 ;	-----------------------------------------
                                   3550 ;	 function isp_send_8_msb
                                   3551 ;	-----------------------------------------
      001005                       3552 _isp_send_8_msb:
      001005 AF 82            [24] 3553 	mov	r7,dpl
                                   3554 ;	isp.c:544: ISP_DAT_D_O
      001007 53 92 7F         [24] 3555 	anl	_P1_MOD_OC,#0x7f
      00100A 43 93 80         [24] 3556 	orl	_P1_DIR_PU,#0x80
                                   3557 ;	isp.c:546: for (i=0;i<8;i++)
      00100D 7E 00            [12] 3558 	mov	r6,#0x00
      00100F                       3559 00105$:
                                   3560 ;	isp.c:548: if (data&0x80)
      00100F EF               [12] 3561 	mov	a,r7
      001010 30 E7 04         [24] 3562 	jnb	acc.7,00102$
                                   3563 ;	isp.c:550: ISP_DAT_1
                                   3564 ;	assignBit
      001013 D2 97            [12] 3565 	setb	_PP17
      001015 80 02            [24] 3566 	sjmp	00103$
      001017                       3567 00102$:
                                   3568 ;	isp.c:554: ISP_DAT_0
                                   3569 ;	assignBit
      001017 C2 97            [12] 3570 	clr	_PP17
      001019                       3571 00103$:
                                   3572 ;	isp.c:556: DLY_us(ISP_CLK_DELAY);
      001019 90 00 01         [24] 3573 	mov	dptr,#0x0001
      00101C C0 07            [24] 3574 	push	ar7
      00101E C0 06            [24] 3575 	push	ar6
      001020 12r00r00         [24] 3576 	lcall	_DLY_us
                                   3577 ;	isp.c:557: ISP_CLK_1
                                   3578 ;	assignBit
      001023 D2 96            [12] 3579 	setb	_PP16
                                   3580 ;	isp.c:558: DLY_us(ISP_CLK_DELAY);
      001025 90 00 01         [24] 3581 	mov	dptr,#0x0001
      001028 12r00r00         [24] 3582 	lcall	_DLY_us
      00102B D0 06            [24] 3583 	pop	ar6
      00102D D0 07            [24] 3584 	pop	ar7
                                   3585 ;	isp.c:559: data = data << 1;
      00102F 8F 05            [24] 3586 	mov	ar5,r7
      001031 ED               [12] 3587 	mov	a,r5
      001032 2D               [12] 3588 	add	a,r5
      001033 FF               [12] 3589 	mov	r7,a
                                   3590 ;	isp.c:560: ISP_CLK_0
                                   3591 ;	assignBit
      001034 C2 96            [12] 3592 	clr	_PP16
                                   3593 ;	isp.c:561: ISP_DAT_0
                                   3594 ;	assignBit
      001036 C2 97            [12] 3595 	clr	_PP17
                                   3596 ;	isp.c:546: for (i=0;i<8;i++)
      001038 0E               [12] 3597 	inc	r6
      001039 BE 08 00         [24] 3598 	cjne	r6,#0x08,00119$
      00103C                       3599 00119$:
      00103C 40 D1            [24] 3600 	jc	00105$
                                   3601 ;	isp.c:564: }
      00103E 22               [24] 3602 	ret
                                   3603 ;------------------------------------------------------------
                                   3604 ;Allocation info for local variables in function 'isp_read_8_msb'
                                   3605 ;------------------------------------------------------------
                                   3606 ;i                         Allocated to registers r5 
                                   3607 ;out                       Allocated to registers r6 r7 
                                   3608 ;------------------------------------------------------------
                                   3609 ;	isp.c:567: unsigned int isp_read_8_msb (void)
                                   3610 ;	-----------------------------------------
                                   3611 ;	 function isp_read_8_msb
                                   3612 ;	-----------------------------------------
      00103F                       3613 _isp_read_8_msb:
                                   3614 ;	isp.c:571: out = 0;
      00103F 7E 00            [12] 3615 	mov	r6,#0x00
      001041 7F 00            [12] 3616 	mov	r7,#0x00
                                   3617 ;	isp.c:572: ISP_DAT_D_I
      001043 53 93 7F         [24] 3618 	anl	_P1_DIR_PU,#0x7f
      001046 53 92 7F         [24] 3619 	anl	_P1_MOD_OC,#0x7f
                                   3620 ;	isp.c:574: for (i=0;i<8;i++)
      001049 7D 00            [12] 3621 	mov	r5,#0x00
      00104B                       3622 00104$:
                                   3623 ;	isp.c:576: ISP_CLK_1
                                   3624 ;	assignBit
      00104B D2 96            [12] 3625 	setb	_PP16
                                   3626 ;	isp.c:577: DLY_us(ISP_CLK_DELAY);
      00104D 90 00 01         [24] 3627 	mov	dptr,#0x0001
      001050 C0 07            [24] 3628 	push	ar7
      001052 C0 06            [24] 3629 	push	ar6
      001054 C0 05            [24] 3630 	push	ar5
      001056 12r00r00         [24] 3631 	lcall	_DLY_us
                                   3632 ;	isp.c:578: ISP_CLK_0
                                   3633 ;	assignBit
      001059 C2 96            [12] 3634 	clr	_PP16
                                   3635 ;	isp.c:579: DLY_us(ISP_CLK_DELAY);
      00105B 90 00 01         [24] 3636 	mov	dptr,#0x0001
      00105E 12r00r00         [24] 3637 	lcall	_DLY_us
      001061 D0 05            [24] 3638 	pop	ar5
      001063 D0 06            [24] 3639 	pop	ar6
      001065 D0 07            [24] 3640 	pop	ar7
                                   3641 ;	isp.c:580: out = out << 1;
      001067 EE               [12] 3642 	mov	a,r6
      001068 2E               [12] 3643 	add	a,r6
      001069 FE               [12] 3644 	mov	r6,a
      00106A EF               [12] 3645 	mov	a,r7
      00106B 33               [12] 3646 	rlc	a
      00106C FF               [12] 3647 	mov	r7,a
                                   3648 ;	isp.c:581: if (ISP_DAT_V)
      00106D 30 97 03         [24] 3649 	jnb	_PP17,00105$
                                   3650 ;	isp.c:582: out = out | 0x1;
      001070 43 06 01         [24] 3651 	orl	ar6,#0x01
      001073                       3652 00105$:
                                   3653 ;	isp.c:574: for (i=0;i<8;i++)
      001073 0D               [12] 3654 	inc	r5
      001074 BD 08 00         [24] 3655 	cjne	r5,#0x08,00122$
      001077                       3656 00122$:
      001077 40 D2            [24] 3657 	jc	00104$
                                   3658 ;	isp.c:584: return out;
      001079 8E 82            [24] 3659 	mov	dpl,r6
      00107B 8F 83            [24] 3660 	mov	dph,r7
                                   3661 ;	isp.c:585: }
      00107D 22               [24] 3662 	ret
                                   3663 ;------------------------------------------------------------
                                   3664 ;Allocation info for local variables in function 'isp_read_16_msb'
                                   3665 ;------------------------------------------------------------
                                   3666 ;i                         Allocated to registers r5 
                                   3667 ;out                       Allocated to registers r6 r7 
                                   3668 ;------------------------------------------------------------
                                   3669 ;	isp.c:587: unsigned int isp_read_16_msb (void)
                                   3670 ;	-----------------------------------------
                                   3671 ;	 function isp_read_16_msb
                                   3672 ;	-----------------------------------------
      00107E                       3673 _isp_read_16_msb:
                                   3674 ;	isp.c:591: out = 0;
      00107E 7E 00            [12] 3675 	mov	r6,#0x00
      001080 7F 00            [12] 3676 	mov	r7,#0x00
                                   3677 ;	isp.c:592: ISP_DAT_D_I
      001082 53 93 7F         [24] 3678 	anl	_P1_DIR_PU,#0x7f
      001085 53 92 7F         [24] 3679 	anl	_P1_MOD_OC,#0x7f
                                   3680 ;	isp.c:594: for (i=0;i<16;i++)
      001088 7D 00            [12] 3681 	mov	r5,#0x00
      00108A                       3682 00104$:
                                   3683 ;	isp.c:596: ISP_CLK_1
                                   3684 ;	assignBit
      00108A D2 96            [12] 3685 	setb	_PP16
                                   3686 ;	isp.c:597: DLY_us(ISP_CLK_DELAY);
      00108C 90 00 01         [24] 3687 	mov	dptr,#0x0001
      00108F C0 07            [24] 3688 	push	ar7
      001091 C0 06            [24] 3689 	push	ar6
      001093 C0 05            [24] 3690 	push	ar5
      001095 12r00r00         [24] 3691 	lcall	_DLY_us
                                   3692 ;	isp.c:598: ISP_CLK_0
                                   3693 ;	assignBit
      001098 C2 96            [12] 3694 	clr	_PP16
                                   3695 ;	isp.c:599: DLY_us(ISP_CLK_DELAY);
      00109A 90 00 01         [24] 3696 	mov	dptr,#0x0001
      00109D 12r00r00         [24] 3697 	lcall	_DLY_us
      0010A0 D0 05            [24] 3698 	pop	ar5
      0010A2 D0 06            [24] 3699 	pop	ar6
      0010A4 D0 07            [24] 3700 	pop	ar7
                                   3701 ;	isp.c:600: out = out << 1;
      0010A6 EE               [12] 3702 	mov	a,r6
      0010A7 2E               [12] 3703 	add	a,r6
      0010A8 FE               [12] 3704 	mov	r6,a
      0010A9 EF               [12] 3705 	mov	a,r7
      0010AA 33               [12] 3706 	rlc	a
      0010AB FF               [12] 3707 	mov	r7,a
                                   3708 ;	isp.c:601: if (ISP_DAT_V)
      0010AC 30 97 03         [24] 3709 	jnb	_PP17,00105$
                                   3710 ;	isp.c:602: out = out | 0x1;
      0010AF 43 06 01         [24] 3711 	orl	ar6,#0x01
      0010B2                       3712 00105$:
                                   3713 ;	isp.c:594: for (i=0;i<16;i++)
      0010B2 0D               [12] 3714 	inc	r5
      0010B3 BD 10 00         [24] 3715 	cjne	r5,#0x10,00122$
      0010B6                       3716 00122$:
      0010B6 40 D2            [24] 3717 	jc	00104$
                                   3718 ;	isp.c:604: return out;
      0010B8 8E 82            [24] 3719 	mov	dpl,r6
      0010BA 8F 83            [24] 3720 	mov	dph,r7
                                   3721 ;	isp.c:605: }
      0010BC 22               [24] 3722 	ret
                                   3723 ;------------------------------------------------------------
                                   3724 ;Allocation info for local variables in function 'enter_progmode'
                                   3725 ;------------------------------------------------------------
                                   3726 ;	isp.c:609: unsigned char enter_progmode (void)
                                   3727 ;	-----------------------------------------
                                   3728 ;	 function enter_progmode
                                   3729 ;	-----------------------------------------
      0010BD                       3730 _enter_progmode:
                                   3731 ;	isp.c:611: ISP_MCLR_0
                                   3732 ;	assignBit
      0010BD C2 95            [12] 3733 	clr	_PP15
                                   3734 ;	isp.c:612: DLY_us(300);
      0010BF 90 01 2C         [24] 3735 	mov	dptr,#0x012c
      0010C2 12r00r00         [24] 3736 	lcall	_DLY_us
                                   3737 ;	isp.c:613: isp_send('P',8); // 0b01010000
      0010C5 74 08            [12] 3738 	mov	a,#0x08
      0010C7 C0 E0            [24] 3739 	push	acc
      0010C9 90 00 50         [24] 3740 	mov	dptr,#0x0050
      0010CC 12r0Fr59         [24] 3741 	lcall	_isp_send
      0010CF 15 81            [12] 3742 	dec	sp
                                   3743 ;	isp.c:614: isp_send('H',8); // 0b01001000
      0010D1 74 08            [12] 3744 	mov	a,#0x08
      0010D3 C0 E0            [24] 3745 	push	acc
      0010D5 90 00 48         [24] 3746 	mov	dptr,#0x0048
      0010D8 12r0Fr59         [24] 3747 	lcall	_isp_send
      0010DB 15 81            [12] 3748 	dec	sp
                                   3749 ;	isp.c:615: isp_send('C',8); // 0b01000011
      0010DD 74 08            [12] 3750 	mov	a,#0x08
      0010DF C0 E0            [24] 3751 	push	acc
      0010E1 90 00 43         [24] 3752 	mov	dptr,#0x0043
      0010E4 12r0Fr59         [24] 3753 	lcall	_isp_send
      0010E7 15 81            [12] 3754 	dec	sp
                                   3755 ;	isp.c:616: isp_send('M',8); // 0b01001101
      0010E9 74 08            [12] 3756 	mov	a,#0x08
      0010EB C0 E0            [24] 3757 	push	acc
      0010ED 90 00 4D         [24] 3758 	mov	dptr,#0x004d
      0010F0 12r0Fr59         [24] 3759 	lcall	_isp_send
      0010F3 15 81            [12] 3760 	dec	sp
                                   3761 ;	isp.c:618: isp_send(0,1); // 33 clock
      0010F5 74 01            [12] 3762 	mov	a,#0x01
      0010F7 C0 E0            [24] 3763 	push	acc
      0010F9 90 00 00         [24] 3764 	mov	dptr,#0x0000
      0010FC 12r0Fr59         [24] 3765 	lcall	_isp_send
      0010FF 15 81            [12] 3766 	dec	sp
                                   3767 ;	isp.c:619: return 0;
      001101 75 82 00         [24] 3768 	mov	dpl,#0x00
                                   3769 ;	isp.c:620: }
      001104 22               [24] 3770 	ret
                                   3771 ;------------------------------------------------------------
                                   3772 ;Allocation info for local variables in function 'p18_enter_progmode'
                                   3773 ;------------------------------------------------------------
                                   3774 ;	isp.c:624: unsigned char p18_enter_progmode (void)
                                   3775 ;	-----------------------------------------
                                   3776 ;	 function p18_enter_progmode
                                   3777 ;	-----------------------------------------
      001105                       3778 _p18_enter_progmode:
                                   3779 ;	isp.c:626: ISP_MCLR_0
                                   3780 ;	assignBit
      001105 C2 95            [12] 3781 	clr	_PP15
                                   3782 ;	isp.c:627: DLY_us(300);
      001107 90 01 2C         [24] 3783 	mov	dptr,#0x012c
      00110A 12r00r00         [24] 3784 	lcall	_DLY_us
                                   3785 ;	isp.c:629: isp_send_8_msb('M');
      00110D 75 82 4D         [24] 3786 	mov	dpl,#0x4d
      001110 12r10r05         [24] 3787 	lcall	_isp_send_8_msb
                                   3788 ;	isp.c:630: isp_send_8_msb('C');
      001113 75 82 43         [24] 3789 	mov	dpl,#0x43
      001116 12r10r05         [24] 3790 	lcall	_isp_send_8_msb
                                   3791 ;	isp.c:631: isp_send_8_msb('H');
      001119 75 82 48         [24] 3792 	mov	dpl,#0x48
      00111C 12r10r05         [24] 3793 	lcall	_isp_send_8_msb
                                   3794 ;	isp.c:632: isp_send_8_msb('P');
      00111F 75 82 50         [24] 3795 	mov	dpl,#0x50
      001122 12r10r05         [24] 3796 	lcall	_isp_send_8_msb
                                   3797 ;	isp.c:637: DLY_us(300);
      001125 90 01 2C         [24] 3798 	mov	dptr,#0x012c
      001128 12r00r00         [24] 3799 	lcall	_DLY_us
                                   3800 ;	isp.c:638: ISP_MCLR_1
                                   3801 ;	assignBit
      00112B D2 95            [12] 3802 	setb	_PP15
                                   3803 ;	isp.c:639: return 0;
      00112D 75 82 00         [24] 3804 	mov	dpl,#0x00
                                   3805 ;	isp.c:640: }
      001130 22               [24] 3806 	ret
                                   3807 ;------------------------------------------------------------
                                   3808 ;Allocation info for local variables in function 'p18_isp_mass_erase'
                                   3809 ;------------------------------------------------------------
                                   3810 ;	isp.c:643: void p18_isp_mass_erase (void)
                                   3811 ;	-----------------------------------------
                                   3812 ;	 function p18_isp_mass_erase
                                   3813 ;	-----------------------------------------
      001131                       3814 _p18_isp_mass_erase:
                                   3815 ;	isp.c:645: p18_set_tblptr(0x3C0005);
      001131 90 00 05         [24] 3816 	mov	dptr,#0x0005
      001134 75 F0 3C         [24] 3817 	mov	b,#0x3c
      001137 E4               [12] 3818 	clr	a
      001138 12r17r02         [24] 3819 	lcall	_p18_set_tblptr
                                   3820 ;	isp.c:646: p18_send_cmd_payload(0x0C,0x0F0F);
      00113B 74 0F            [12] 3821 	mov	a,#0x0f
      00113D C0 E0            [24] 3822 	push	acc
      00113F C0 E0            [24] 3823 	push	acc
      001141 75 82 0C         [24] 3824 	mov	dpl,#0x0c
      001144 12r17rD9         [24] 3825 	lcall	_p18_send_cmd_payload
      001147 15 81            [12] 3826 	dec	sp
      001149 15 81            [12] 3827 	dec	sp
                                   3828 ;	isp.c:647: p18_set_tblptr(0x3C0004);
      00114B 90 00 04         [24] 3829 	mov	dptr,#0x0004
      00114E 75 F0 3C         [24] 3830 	mov	b,#0x3c
      001151 E4               [12] 3831 	clr	a
      001152 12r17r02         [24] 3832 	lcall	_p18_set_tblptr
                                   3833 ;	isp.c:648: p18_send_cmd_payload(0x0C,0x8F8F);
      001155 74 8F            [12] 3834 	mov	a,#0x8f
      001157 C0 E0            [24] 3835 	push	acc
      001159 C0 E0            [24] 3836 	push	acc
      00115B 75 82 0C         [24] 3837 	mov	dpl,#0x0c
      00115E 12r17rD9         [24] 3838 	lcall	_p18_send_cmd_payload
      001161 15 81            [12] 3839 	dec	sp
      001163 15 81            [12] 3840 	dec	sp
                                   3841 ;	isp.c:649: p18_send_cmd_payload(0,0x0000);
      001165 E4               [12] 3842 	clr	a
      001166 C0 E0            [24] 3843 	push	acc
      001168 C0 E0            [24] 3844 	push	acc
      00116A 75 82 00         [24] 3845 	mov	dpl,#0x00
      00116D 12r17rD9         [24] 3846 	lcall	_p18_send_cmd_payload
      001170 15 81            [12] 3847 	dec	sp
      001172 15 81            [12] 3848 	dec	sp
                                   3849 ;	isp.c:650: isp_send(0x00,4);
      001174 74 04            [12] 3850 	mov	a,#0x04
      001176 C0 E0            [24] 3851 	push	acc
      001178 90 00 00         [24] 3852 	mov	dptr,#0x0000
      00117B 12r0Fr59         [24] 3853 	lcall	_isp_send
      00117E 15 81            [12] 3854 	dec	sp
                                   3855 ;	isp.c:651: DLY_ms(20);
      001180 90 00 14         [24] 3856 	mov	dptr,#0x0014
      001183 12r00r00         [24] 3857 	lcall	_DLY_ms
                                   3858 ;	isp.c:652: isp_send(0x00,16);
      001186 74 10            [12] 3859 	mov	a,#0x10
      001188 C0 E0            [24] 3860 	push	acc
      00118A 90 00 00         [24] 3861 	mov	dptr,#0x0000
      00118D 12r0Fr59         [24] 3862 	lcall	_isp_send
      001190 15 81            [12] 3863 	dec	sp
                                   3864 ;	isp.c:653: }
      001192 22               [24] 3865 	ret
                                   3866 ;------------------------------------------------------------
                                   3867 ;Allocation info for local variables in function 'p18fj_isp_mass_erase'
                                   3868 ;------------------------------------------------------------
                                   3869 ;	isp.c:655: void p18fj_isp_mass_erase (void)
                                   3870 ;	-----------------------------------------
                                   3871 ;	 function p18fj_isp_mass_erase
                                   3872 ;	-----------------------------------------
      001193                       3873 _p18fj_isp_mass_erase:
                                   3874 ;	isp.c:657: p18_set_tblptr(0x3C0005);
      001193 90 00 05         [24] 3875 	mov	dptr,#0x0005
      001196 75 F0 3C         [24] 3876 	mov	b,#0x3c
      001199 E4               [12] 3877 	clr	a
      00119A 12r17r02         [24] 3878 	lcall	_p18_set_tblptr
                                   3879 ;	isp.c:658: p18_send_cmd_payload(0x0C,0x0101);
      00119D 74 01            [12] 3880 	mov	a,#0x01
      00119F C0 E0            [24] 3881 	push	acc
      0011A1 C0 E0            [24] 3882 	push	acc
      0011A3 75 82 0C         [24] 3883 	mov	dpl,#0x0c
      0011A6 12r17rD9         [24] 3884 	lcall	_p18_send_cmd_payload
      0011A9 15 81            [12] 3885 	dec	sp
      0011AB 15 81            [12] 3886 	dec	sp
                                   3887 ;	isp.c:659: p18_set_tblptr(0x3C0004);
      0011AD 90 00 04         [24] 3888 	mov	dptr,#0x0004
      0011B0 75 F0 3C         [24] 3889 	mov	b,#0x3c
      0011B3 E4               [12] 3890 	clr	a
      0011B4 12r17r02         [24] 3891 	lcall	_p18_set_tblptr
                                   3892 ;	isp.c:660: p18_send_cmd_payload(0x0C,0x8080);
      0011B7 74 80            [12] 3893 	mov	a,#0x80
      0011B9 C0 E0            [24] 3894 	push	acc
      0011BB C0 E0            [24] 3895 	push	acc
      0011BD 75 82 0C         [24] 3896 	mov	dpl,#0x0c
      0011C0 12r17rD9         [24] 3897 	lcall	_p18_send_cmd_payload
      0011C3 15 81            [12] 3898 	dec	sp
      0011C5 15 81            [12] 3899 	dec	sp
                                   3900 ;	isp.c:661: p18_send_cmd_payload(0,0x0000);
      0011C7 E4               [12] 3901 	clr	a
      0011C8 C0 E0            [24] 3902 	push	acc
      0011CA C0 E0            [24] 3903 	push	acc
      0011CC 75 82 00         [24] 3904 	mov	dpl,#0x00
      0011CF 12r17rD9         [24] 3905 	lcall	_p18_send_cmd_payload
      0011D2 15 81            [12] 3906 	dec	sp
      0011D4 15 81            [12] 3907 	dec	sp
                                   3908 ;	isp.c:662: isp_send(0x00,4);
      0011D6 74 04            [12] 3909 	mov	a,#0x04
      0011D8 C0 E0            [24] 3910 	push	acc
      0011DA 90 00 00         [24] 3911 	mov	dptr,#0x0000
      0011DD 12r0Fr59         [24] 3912 	lcall	_isp_send
      0011E0 15 81            [12] 3913 	dec	sp
                                   3914 ;	isp.c:663: DLY_ms(600);
      0011E2 90 02 58         [24] 3915 	mov	dptr,#0x0258
      0011E5 12r00r00         [24] 3916 	lcall	_DLY_ms
                                   3917 ;	isp.c:664: isp_send(0x00,16);
      0011E8 74 10            [12] 3918 	mov	a,#0x10
      0011EA C0 E0            [24] 3919 	push	acc
      0011EC 90 00 00         [24] 3920 	mov	dptr,#0x0000
      0011EF 12r0Fr59         [24] 3921 	lcall	_isp_send
      0011F2 15 81            [12] 3922 	dec	sp
                                   3923 ;	isp.c:665: }
      0011F4 22               [24] 3924 	ret
                                   3925 ;------------------------------------------------------------
                                   3926 ;Allocation info for local variables in function 'p18fk_isp_mass_erase'
                                   3927 ;------------------------------------------------------------
                                   3928 ;data2                     Allocated to stack - _bp -3
                                   3929 ;data3                     Allocated to stack - _bp -4
                                   3930 ;data1                     Allocated to registers r7 
                                   3931 ;tmp1                      Allocated to registers 
                                   3932 ;tmp2                      Allocated to stack - _bp +1
                                   3933 ;tmp3                      Allocated to registers 
                                   3934 ;------------------------------------------------------------
                                   3935 ;	isp.c:668: void p18fk_isp_mass_erase (unsigned char data1, unsigned char data2, unsigned char data3)
                                   3936 ;	-----------------------------------------
                                   3937 ;	 function p18fk_isp_mass_erase
                                   3938 ;	-----------------------------------------
      0011F5                       3939 _p18fk_isp_mass_erase:
      0011F5 C0*00            [24] 3940 	push	_bp
      0011F7 85 81*00         [24] 3941 	mov	_bp,sp
      0011FA 05 81            [12] 3942 	inc	sp
      0011FC 05 81            [12] 3943 	inc	sp
      0011FE AF 82            [24] 3944 	mov	r7,dpl
                                   3945 ;	isp.c:671: tmp1 = data1;
      001200 7E 00            [12] 3946 	mov	r6,#0x00
      001202 8F 04            [24] 3947 	mov	ar4,r7
                                   3948 ;	isp.c:672: tmp1 = (tmp1<<8)|data1;
      001204 8C 05            [24] 3949 	mov	ar5,r4
      001206 E4               [12] 3950 	clr	a
      001207 42 07            [12] 3951 	orl	ar7,a
      001209 ED               [12] 3952 	mov	a,r5
      00120A 42 06            [12] 3953 	orl	ar6,a
                                   3954 ;	isp.c:673: tmp2 = data2;
      00120C E5*00            [12] 3955 	mov	a,_bp
      00120E 24 FD            [12] 3956 	add	a,#0xfd
      001210 F8               [12] 3957 	mov	r0,a
      001211 86 04            [24] 3958 	mov	ar4,@r0
      001213 7D 00            [12] 3959 	mov	r5,#0x00
      001215 8C 02            [24] 3960 	mov	ar2,r4
                                   3961 ;	isp.c:674: tmp2 = (tmp2<<8)|data2;
      001217 8A 03            [24] 3962 	mov	ar3,r2
      001219 7A 00            [12] 3963 	mov	r2,#0x00
      00121B A8*00            [24] 3964 	mov	r0,_bp
      00121D 08               [12] 3965 	inc	r0
      00121E EC               [12] 3966 	mov	a,r4
      00121F 4A               [12] 3967 	orl	a,r2
      001220 F6               [12] 3968 	mov	@r0,a
      001221 ED               [12] 3969 	mov	a,r5
      001222 4B               [12] 3970 	orl	a,r3
      001223 08               [12] 3971 	inc	r0
      001224 F6               [12] 3972 	mov	@r0,a
                                   3973 ;	isp.c:675: tmp3 = data3;
      001225 E5*00            [12] 3974 	mov	a,_bp
      001227 24 FC            [12] 3975 	add	a,#0xfc
      001229 F8               [12] 3976 	mov	r0,a
      00122A 86 02            [24] 3977 	mov	ar2,@r0
      00122C 7B 00            [12] 3978 	mov	r3,#0x00
      00122E 8A 04            [24] 3979 	mov	ar4,r2
                                   3980 ;	isp.c:676: tmp3 = (tmp3<<8)|data3;
      001230 8C 05            [24] 3981 	mov	ar5,r4
      001232 E4               [12] 3982 	clr	a
      001233 42 02            [12] 3983 	orl	ar2,a
      001235 ED               [12] 3984 	mov	a,r5
      001236 42 03            [12] 3985 	orl	ar3,a
                                   3986 ;	isp.c:677: p18_set_tblptr(0x3C0004);
      001238 90 00 04         [24] 3987 	mov	dptr,#0x0004
      00123B 75 F0 3C         [24] 3988 	mov	b,#0x3c
      00123E E4               [12] 3989 	clr	a
      00123F C0 07            [24] 3990 	push	ar7
      001241 C0 06            [24] 3991 	push	ar6
      001243 C0 03            [24] 3992 	push	ar3
      001245 C0 02            [24] 3993 	push	ar2
      001247 12r17r02         [24] 3994 	lcall	_p18_set_tblptr
      00124A D0 02            [24] 3995 	pop	ar2
      00124C D0 03            [24] 3996 	pop	ar3
                                   3997 ;	isp.c:678: p18_send_cmd_payload(0x0C,tmp3);
      00124E C0 02            [24] 3998 	push	ar2
      001250 C0 03            [24] 3999 	push	ar3
      001252 75 82 0C         [24] 4000 	mov	dpl,#0x0c
      001255 12r17rD9         [24] 4001 	lcall	_p18_send_cmd_payload
      001258 15 81            [12] 4002 	dec	sp
      00125A 15 81            [12] 4003 	dec	sp
                                   4004 ;	isp.c:679: p18_set_tblptr(0x3C0005);
      00125C 90 00 05         [24] 4005 	mov	dptr,#0x0005
      00125F 75 F0 3C         [24] 4006 	mov	b,#0x3c
      001262 E4               [12] 4007 	clr	a
      001263 12r17r02         [24] 4008 	lcall	_p18_set_tblptr
                                   4009 ;	isp.c:680: p18_send_cmd_payload(0x0C,tmp2);
      001266 A8*00            [24] 4010 	mov	r0,_bp
      001268 08               [12] 4011 	inc	r0
      001269 E6               [12] 4012 	mov	a,@r0
      00126A C0 E0            [24] 4013 	push	acc
      00126C 08               [12] 4014 	inc	r0
      00126D E6               [12] 4015 	mov	a,@r0
      00126E C0 E0            [24] 4016 	push	acc
      001270 75 82 0C         [24] 4017 	mov	dpl,#0x0c
      001273 12r17rD9         [24] 4018 	lcall	_p18_send_cmd_payload
      001276 15 81            [12] 4019 	dec	sp
      001278 15 81            [12] 4020 	dec	sp
                                   4021 ;	isp.c:681: p18_set_tblptr(0x3C0006);
      00127A 90 00 06         [24] 4022 	mov	dptr,#0x0006
      00127D 75 F0 3C         [24] 4023 	mov	b,#0x3c
      001280 E4               [12] 4024 	clr	a
      001281 12r17r02         [24] 4025 	lcall	_p18_set_tblptr
                                   4026 ;	isp.c:682: p18_send_cmd_payload(0x0C,tmp1);
      001284 75 82 0C         [24] 4027 	mov	dpl,#0x0c
      001287 12r17rD9         [24] 4028 	lcall	_p18_send_cmd_payload
      00128A 15 81            [12] 4029 	dec	sp
      00128C 15 81            [12] 4030 	dec	sp
                                   4031 ;	isp.c:683: p18_send_cmd_payload(0x00,0);
      00128E E4               [12] 4032 	clr	a
      00128F C0 E0            [24] 4033 	push	acc
      001291 C0 E0            [24] 4034 	push	acc
      001293 75 82 00         [24] 4035 	mov	dpl,#0x00
      001296 12r17rD9         [24] 4036 	lcall	_p18_send_cmd_payload
      001299 15 81            [12] 4037 	dec	sp
      00129B 15 81            [12] 4038 	dec	sp
                                   4039 ;	isp.c:684: isp_send(0x00,4);
      00129D 74 04            [12] 4040 	mov	a,#0x04
      00129F C0 E0            [24] 4041 	push	acc
      0012A1 90 00 00         [24] 4042 	mov	dptr,#0x0000
      0012A4 12r0Fr59         [24] 4043 	lcall	_isp_send
      0012A7 15 81            [12] 4044 	dec	sp
                                   4045 ;	isp.c:685: DLY_ms(5);
      0012A9 90 00 05         [24] 4046 	mov	dptr,#0x0005
      0012AC 12r00r00         [24] 4047 	lcall	_DLY_ms
                                   4048 ;	isp.c:686: isp_send(0x00,16);
      0012AF 74 10            [12] 4049 	mov	a,#0x10
      0012B1 C0 E0            [24] 4050 	push	acc
      0012B3 90 00 00         [24] 4051 	mov	dptr,#0x0000
      0012B6 12r0Fr59         [24] 4052 	lcall	_isp_send
      0012B9 15 81            [12] 4053 	dec	sp
                                   4054 ;	isp.c:687: }
      0012BB 85*00 81         [24] 4055 	mov	sp,_bp
      0012BE D0*00            [24] 4056 	pop	_bp
      0012C0 22               [24] 4057 	ret
                                   4058 ;------------------------------------------------------------
                                   4059 ;Allocation info for local variables in function 'p18fk_isp_write_pgm'
                                   4060 ;------------------------------------------------------------
                                   4061 ;addr                      Allocated to stack - _bp -6
                                   4062 ;n                         Allocated to stack - _bp -7
                                   4063 ;data                      Allocated to stack - _bp +1
                                   4064 ;i                         Allocated to stack - _bp +4
                                   4065 ;------------------------------------------------------------
                                   4066 ;	isp.c:689: void p18fk_isp_write_pgm (unsigned int * data, unsigned long addr, unsigned char n)
                                   4067 ;	-----------------------------------------
                                   4068 ;	 function p18fk_isp_write_pgm
                                   4069 ;	-----------------------------------------
      0012C1                       4070 _p18fk_isp_write_pgm:
      0012C1 C0*00            [24] 4071 	push	_bp
      0012C3 85 81*00         [24] 4072 	mov	_bp,sp
      0012C6 C0 82            [24] 4073 	push	dpl
      0012C8 C0 83            [24] 4074 	push	dph
      0012CA C0 F0            [24] 4075 	push	b
      0012CC 05 81            [12] 4076 	inc	sp
                                   4077 ;	isp.c:693: p18_send_cmd_payload(0,0x8E7F);
      0012CE 74 7F            [12] 4078 	mov	a,#0x7f
      0012D0 C0 E0            [24] 4079 	push	acc
      0012D2 74 8E            [12] 4080 	mov	a,#0x8e
      0012D4 C0 E0            [24] 4081 	push	acc
      0012D6 75 82 00         [24] 4082 	mov	dpl,#0x00
      0012D9 12r17rD9         [24] 4083 	lcall	_p18_send_cmd_payload
      0012DC 15 81            [12] 4084 	dec	sp
      0012DE 15 81            [12] 4085 	dec	sp
                                   4086 ;	isp.c:694: p18_send_cmd_payload(0,0x9C7F);
      0012E0 74 7F            [12] 4087 	mov	a,#0x7f
      0012E2 C0 E0            [24] 4088 	push	acc
      0012E4 74 9C            [12] 4089 	mov	a,#0x9c
      0012E6 C0 E0            [24] 4090 	push	acc
      0012E8 75 82 00         [24] 4091 	mov	dpl,#0x00
      0012EB 12r17rD9         [24] 4092 	lcall	_p18_send_cmd_payload
      0012EE 15 81            [12] 4093 	dec	sp
      0012F0 15 81            [12] 4094 	dec	sp
                                   4095 ;	isp.c:695: p18_send_cmd_payload(0,0x847F);
      0012F2 74 7F            [12] 4096 	mov	a,#0x7f
      0012F4 C0 E0            [24] 4097 	push	acc
      0012F6 74 84            [12] 4098 	mov	a,#0x84
      0012F8 C0 E0            [24] 4099 	push	acc
      0012FA 75 82 00         [24] 4100 	mov	dpl,#0x00
      0012FD 12r17rD9         [24] 4101 	lcall	_p18_send_cmd_payload
      001300 15 81            [12] 4102 	dec	sp
      001302 15 81            [12] 4103 	dec	sp
                                   4104 ;	isp.c:696: p18_set_tblptr(addr);
      001304 E5*00            [12] 4105 	mov	a,_bp
      001306 24 FA            [12] 4106 	add	a,#0xfa
      001308 F8               [12] 4107 	mov	r0,a
      001309 86 82            [24] 4108 	mov	dpl,@r0
      00130B 08               [12] 4109 	inc	r0
      00130C 86 83            [24] 4110 	mov	dph,@r0
      00130E 08               [12] 4111 	inc	r0
      00130F 86 F0            [24] 4112 	mov	b,@r0
      001311 08               [12] 4113 	inc	r0
      001312 E6               [12] 4114 	mov	a,@r0
      001313 12r17r02         [24] 4115 	lcall	_p18_set_tblptr
                                   4116 ;	isp.c:697: for (i=0;i<n-1;i++)
      001316 E5*00            [12] 4117 	mov	a,_bp
      001318 24 04            [12] 4118 	add	a,#0x04
      00131A F8               [12] 4119 	mov	r0,a
      00131B 76 00            [12] 4120 	mov	@r0,#0x00
      00131D                       4121 00103$:
      00131D E5*00            [12] 4122 	mov	a,_bp
      00131F 24 F9            [12] 4123 	add	a,#0xf9
      001321 F8               [12] 4124 	mov	r0,a
      001322 86 02            [24] 4125 	mov	ar2,@r0
      001324 7B 00            [12] 4126 	mov	r3,#0x00
      001326 EA               [12] 4127 	mov	a,r2
      001327 24 FF            [12] 4128 	add	a,#0xff
      001329 FE               [12] 4129 	mov	r6,a
      00132A EB               [12] 4130 	mov	a,r3
      00132B 34 FF            [12] 4131 	addc	a,#0xff
      00132D FF               [12] 4132 	mov	r7,a
      00132E E5*00            [12] 4133 	mov	a,_bp
      001330 24 04            [12] 4134 	add	a,#0x04
      001332 F8               [12] 4135 	mov	r0,a
      001333 86 04            [24] 4136 	mov	ar4,@r0
      001335 7D 00            [12] 4137 	mov	r5,#0x00
      001337 C3               [12] 4138 	clr	c
      001338 EC               [12] 4139 	mov	a,r4
      001339 9E               [12] 4140 	subb	a,r6
      00133A ED               [12] 4141 	mov	a,r5
      00133B 64 80            [12] 4142 	xrl	a,#0x80
      00133D 8F F0            [24] 4143 	mov	b,r7
      00133F 63 F0 80         [24] 4144 	xrl	b,#0x80
      001342 95 F0            [12] 4145 	subb	a,b
      001344 50 3F            [24] 4146 	jnc	00101$
                                   4147 ;	isp.c:698: p18_send_cmd_payload(0x0D,data[i]);
      001346 E5*00            [12] 4148 	mov	a,_bp
      001348 24 04            [12] 4149 	add	a,#0x04
      00134A F8               [12] 4150 	mov	r0,a
      00134B E6               [12] 4151 	mov	a,@r0
      00134C 75 F0 02         [24] 4152 	mov	b,#0x02
      00134F A4               [48] 4153 	mul	ab
      001350 FC               [12] 4154 	mov	r4,a
      001351 AF F0            [24] 4155 	mov	r7,b
      001353 A8*00            [24] 4156 	mov	r0,_bp
      001355 08               [12] 4157 	inc	r0
      001356 EC               [12] 4158 	mov	a,r4
      001357 26               [12] 4159 	add	a,@r0
      001358 FC               [12] 4160 	mov	r4,a
      001359 EF               [12] 4161 	mov	a,r7
      00135A 08               [12] 4162 	inc	r0
      00135B 36               [12] 4163 	addc	a,@r0
      00135C FF               [12] 4164 	mov	r7,a
      00135D 08               [12] 4165 	inc	r0
      00135E 86 06            [24] 4166 	mov	ar6,@r0
      001360 8C 82            [24] 4167 	mov	dpl,r4
      001362 8F 83            [24] 4168 	mov	dph,r7
      001364 8E F0            [24] 4169 	mov	b,r6
      001366 12r00r00         [24] 4170 	lcall	__gptrget
      001369 FC               [12] 4171 	mov	r4,a
      00136A A3               [24] 4172 	inc	dptr
      00136B 12r00r00         [24] 4173 	lcall	__gptrget
      00136E FF               [12] 4174 	mov	r7,a
      00136F C0 04            [24] 4175 	push	ar4
      001371 C0 07            [24] 4176 	push	ar7
      001373 75 82 0D         [24] 4177 	mov	dpl,#0x0d
      001376 12r17rD9         [24] 4178 	lcall	_p18_send_cmd_payload
      001379 15 81            [12] 4179 	dec	sp
      00137B 15 81            [12] 4180 	dec	sp
                                   4181 ;	isp.c:697: for (i=0;i<n-1;i++)
      00137D E5*00            [12] 4182 	mov	a,_bp
      00137F 24 04            [12] 4183 	add	a,#0x04
      001381 F8               [12] 4184 	mov	r0,a
      001382 06               [12] 4185 	inc	@r0
      001383 80 98            [24] 4186 	sjmp	00103$
      001385                       4187 00101$:
                                   4188 ;	isp.c:699: p18_send_cmd_payload(0x0F,data[n-1]);
      001385 1A               [12] 4189 	dec	r2
      001386 BA FF 01         [24] 4190 	cjne	r2,#0xff,00117$
      001389 1B               [12] 4191 	dec	r3
      00138A                       4192 00117$:
      00138A EA               [12] 4193 	mov	a,r2
      00138B 2A               [12] 4194 	add	a,r2
      00138C FA               [12] 4195 	mov	r2,a
      00138D EB               [12] 4196 	mov	a,r3
      00138E 33               [12] 4197 	rlc	a
      00138F FB               [12] 4198 	mov	r3,a
      001390 A8*00            [24] 4199 	mov	r0,_bp
      001392 08               [12] 4200 	inc	r0
      001393 EA               [12] 4201 	mov	a,r2
      001394 26               [12] 4202 	add	a,@r0
      001395 FA               [12] 4203 	mov	r2,a
      001396 EB               [12] 4204 	mov	a,r3
      001397 08               [12] 4205 	inc	r0
      001398 36               [12] 4206 	addc	a,@r0
      001399 FB               [12] 4207 	mov	r3,a
      00139A 08               [12] 4208 	inc	r0
      00139B 86 07            [24] 4209 	mov	ar7,@r0
      00139D 8A 82            [24] 4210 	mov	dpl,r2
      00139F 8B 83            [24] 4211 	mov	dph,r3
      0013A1 8F F0            [24] 4212 	mov	b,r7
      0013A3 12r00r00         [24] 4213 	lcall	__gptrget
      0013A6 FA               [12] 4214 	mov	r2,a
      0013A7 A3               [24] 4215 	inc	dptr
      0013A8 12r00r00         [24] 4216 	lcall	__gptrget
      0013AB FB               [12] 4217 	mov	r3,a
      0013AC C0 02            [24] 4218 	push	ar2
      0013AE C0 03            [24] 4219 	push	ar3
      0013B0 75 82 0F         [24] 4220 	mov	dpl,#0x0f
      0013B3 12r17rD9         [24] 4221 	lcall	_p18_send_cmd_payload
      0013B6 15 81            [12] 4222 	dec	sp
      0013B8 15 81            [12] 4223 	dec	sp
                                   4224 ;	isp.c:700: p_18_modfied_nop(0);
      0013BA 75 82 00         [24] 4225 	mov	dpl,#0x00
      0013BD 12r16r19         [24] 4226 	lcall	_p_18_modfied_nop
                                   4227 ;	isp.c:701: }
      0013C0 85*00 81         [24] 4228 	mov	sp,_bp
      0013C3 D0*00            [24] 4229 	pop	_bp
      0013C5 22               [24] 4230 	ret
                                   4231 ;------------------------------------------------------------
                                   4232 ;Allocation info for local variables in function 'p18_isp_write_pgm'
                                   4233 ;------------------------------------------------------------
                                   4234 ;addr                      Allocated to stack - _bp -6
                                   4235 ;n                         Allocated to stack - _bp -7
                                   4236 ;data                      Allocated to stack - _bp +1
                                   4237 ;i                         Allocated to stack - _bp +4
                                   4238 ;------------------------------------------------------------
                                   4239 ;	isp.c:703: void p18_isp_write_pgm (unsigned int * data, unsigned long addr, unsigned char n)
                                   4240 ;	-----------------------------------------
                                   4241 ;	 function p18_isp_write_pgm
                                   4242 ;	-----------------------------------------
      0013C6                       4243 _p18_isp_write_pgm:
      0013C6 C0*00            [24] 4244 	push	_bp
      0013C8 85 81*00         [24] 4245 	mov	_bp,sp
      0013CB C0 82            [24] 4246 	push	dpl
      0013CD C0 83            [24] 4247 	push	dph
      0013CF C0 F0            [24] 4248 	push	b
      0013D1 05 81            [12] 4249 	inc	sp
                                   4250 ;	isp.c:707: p18_send_cmd_payload(0,0x8EA6);
      0013D3 74 A6            [12] 4251 	mov	a,#0xa6
      0013D5 C0 E0            [24] 4252 	push	acc
      0013D7 74 8E            [12] 4253 	mov	a,#0x8e
      0013D9 C0 E0            [24] 4254 	push	acc
      0013DB 75 82 00         [24] 4255 	mov	dpl,#0x00
      0013DE 12r17rD9         [24] 4256 	lcall	_p18_send_cmd_payload
      0013E1 15 81            [12] 4257 	dec	sp
      0013E3 15 81            [12] 4258 	dec	sp
                                   4259 ;	isp.c:708: p18_send_cmd_payload(0,0x9CA6);
      0013E5 74 A6            [12] 4260 	mov	a,#0xa6
      0013E7 C0 E0            [24] 4261 	push	acc
      0013E9 74 9C            [12] 4262 	mov	a,#0x9c
      0013EB C0 E0            [24] 4263 	push	acc
      0013ED 75 82 00         [24] 4264 	mov	dpl,#0x00
      0013F0 12r17rD9         [24] 4265 	lcall	_p18_send_cmd_payload
      0013F3 15 81            [12] 4266 	dec	sp
      0013F5 15 81            [12] 4267 	dec	sp
                                   4268 ;	isp.c:709: p18_send_cmd_payload(0,0x84A6);
      0013F7 74 A6            [12] 4269 	mov	a,#0xa6
      0013F9 C0 E0            [24] 4270 	push	acc
      0013FB 74 84            [12] 4271 	mov	a,#0x84
      0013FD C0 E0            [24] 4272 	push	acc
      0013FF 75 82 00         [24] 4273 	mov	dpl,#0x00
      001402 12r17rD9         [24] 4274 	lcall	_p18_send_cmd_payload
      001405 15 81            [12] 4275 	dec	sp
      001407 15 81            [12] 4276 	dec	sp
                                   4277 ;	isp.c:710: p18_set_tblptr(addr);
      001409 E5*00            [12] 4278 	mov	a,_bp
      00140B 24 FA            [12] 4279 	add	a,#0xfa
      00140D F8               [12] 4280 	mov	r0,a
      00140E 86 82            [24] 4281 	mov	dpl,@r0
      001410 08               [12] 4282 	inc	r0
      001411 86 83            [24] 4283 	mov	dph,@r0
      001413 08               [12] 4284 	inc	r0
      001414 86 F0            [24] 4285 	mov	b,@r0
      001416 08               [12] 4286 	inc	r0
      001417 E6               [12] 4287 	mov	a,@r0
      001418 12r17r02         [24] 4288 	lcall	_p18_set_tblptr
                                   4289 ;	isp.c:711: for (i=0;i<n-1;i++)
      00141B E5*00            [12] 4290 	mov	a,_bp
      00141D 24 04            [12] 4291 	add	a,#0x04
      00141F F8               [12] 4292 	mov	r0,a
      001420 76 00            [12] 4293 	mov	@r0,#0x00
      001422                       4294 00103$:
      001422 E5*00            [12] 4295 	mov	a,_bp
      001424 24 F9            [12] 4296 	add	a,#0xf9
      001426 F8               [12] 4297 	mov	r0,a
      001427 86 02            [24] 4298 	mov	ar2,@r0
      001429 7B 00            [12] 4299 	mov	r3,#0x00
      00142B EA               [12] 4300 	mov	a,r2
      00142C 24 FF            [12] 4301 	add	a,#0xff
      00142E FE               [12] 4302 	mov	r6,a
      00142F EB               [12] 4303 	mov	a,r3
      001430 34 FF            [12] 4304 	addc	a,#0xff
      001432 FF               [12] 4305 	mov	r7,a
      001433 E5*00            [12] 4306 	mov	a,_bp
      001435 24 04            [12] 4307 	add	a,#0x04
      001437 F8               [12] 4308 	mov	r0,a
      001438 86 04            [24] 4309 	mov	ar4,@r0
      00143A 7D 00            [12] 4310 	mov	r5,#0x00
      00143C C3               [12] 4311 	clr	c
      00143D EC               [12] 4312 	mov	a,r4
      00143E 9E               [12] 4313 	subb	a,r6
      00143F ED               [12] 4314 	mov	a,r5
      001440 64 80            [12] 4315 	xrl	a,#0x80
      001442 8F F0            [24] 4316 	mov	b,r7
      001444 63 F0 80         [24] 4317 	xrl	b,#0x80
      001447 95 F0            [12] 4318 	subb	a,b
      001449 50 3F            [24] 4319 	jnc	00101$
                                   4320 ;	isp.c:712: p18_send_cmd_payload(0x0D,data[i]);
      00144B E5*00            [12] 4321 	mov	a,_bp
      00144D 24 04            [12] 4322 	add	a,#0x04
      00144F F8               [12] 4323 	mov	r0,a
      001450 E6               [12] 4324 	mov	a,@r0
      001451 75 F0 02         [24] 4325 	mov	b,#0x02
      001454 A4               [48] 4326 	mul	ab
      001455 FC               [12] 4327 	mov	r4,a
      001456 AF F0            [24] 4328 	mov	r7,b
      001458 A8*00            [24] 4329 	mov	r0,_bp
      00145A 08               [12] 4330 	inc	r0
      00145B EC               [12] 4331 	mov	a,r4
      00145C 26               [12] 4332 	add	a,@r0
      00145D FC               [12] 4333 	mov	r4,a
      00145E EF               [12] 4334 	mov	a,r7
      00145F 08               [12] 4335 	inc	r0
      001460 36               [12] 4336 	addc	a,@r0
      001461 FF               [12] 4337 	mov	r7,a
      001462 08               [12] 4338 	inc	r0
      001463 86 06            [24] 4339 	mov	ar6,@r0
      001465 8C 82            [24] 4340 	mov	dpl,r4
      001467 8F 83            [24] 4341 	mov	dph,r7
      001469 8E F0            [24] 4342 	mov	b,r6
      00146B 12r00r00         [24] 4343 	lcall	__gptrget
      00146E FC               [12] 4344 	mov	r4,a
      00146F A3               [24] 4345 	inc	dptr
      001470 12r00r00         [24] 4346 	lcall	__gptrget
      001473 FF               [12] 4347 	mov	r7,a
      001474 C0 04            [24] 4348 	push	ar4
      001476 C0 07            [24] 4349 	push	ar7
      001478 75 82 0D         [24] 4350 	mov	dpl,#0x0d
      00147B 12r17rD9         [24] 4351 	lcall	_p18_send_cmd_payload
      00147E 15 81            [12] 4352 	dec	sp
      001480 15 81            [12] 4353 	dec	sp
                                   4354 ;	isp.c:711: for (i=0;i<n-1;i++)
      001482 E5*00            [12] 4355 	mov	a,_bp
      001484 24 04            [12] 4356 	add	a,#0x04
      001486 F8               [12] 4357 	mov	r0,a
      001487 06               [12] 4358 	inc	@r0
      001488 80 98            [24] 4359 	sjmp	00103$
      00148A                       4360 00101$:
                                   4361 ;	isp.c:713: p18_send_cmd_payload(0x0F,data[n-1]);
      00148A 1A               [12] 4362 	dec	r2
      00148B BA FF 01         [24] 4363 	cjne	r2,#0xff,00117$
      00148E 1B               [12] 4364 	dec	r3
      00148F                       4365 00117$:
      00148F EA               [12] 4366 	mov	a,r2
      001490 2A               [12] 4367 	add	a,r2
      001491 FA               [12] 4368 	mov	r2,a
      001492 EB               [12] 4369 	mov	a,r3
      001493 33               [12] 4370 	rlc	a
      001494 FB               [12] 4371 	mov	r3,a
      001495 A8*00            [24] 4372 	mov	r0,_bp
      001497 08               [12] 4373 	inc	r0
      001498 EA               [12] 4374 	mov	a,r2
      001499 26               [12] 4375 	add	a,@r0
      00149A FA               [12] 4376 	mov	r2,a
      00149B EB               [12] 4377 	mov	a,r3
      00149C 08               [12] 4378 	inc	r0
      00149D 36               [12] 4379 	addc	a,@r0
      00149E FB               [12] 4380 	mov	r3,a
      00149F 08               [12] 4381 	inc	r0
      0014A0 86 07            [24] 4382 	mov	ar7,@r0
      0014A2 8A 82            [24] 4383 	mov	dpl,r2
      0014A4 8B 83            [24] 4384 	mov	dph,r3
      0014A6 8F F0            [24] 4385 	mov	b,r7
      0014A8 12r00r00         [24] 4386 	lcall	__gptrget
      0014AB FA               [12] 4387 	mov	r2,a
      0014AC A3               [24] 4388 	inc	dptr
      0014AD 12r00r00         [24] 4389 	lcall	__gptrget
      0014B0 FB               [12] 4390 	mov	r3,a
      0014B1 C0 02            [24] 4391 	push	ar2
      0014B3 C0 03            [24] 4392 	push	ar3
      0014B5 75 82 0F         [24] 4393 	mov	dpl,#0x0f
      0014B8 12r17rD9         [24] 4394 	lcall	_p18_send_cmd_payload
      0014BB 15 81            [12] 4395 	dec	sp
      0014BD 15 81            [12] 4396 	dec	sp
                                   4397 ;	isp.c:714: p_18_modfied_nop(1);
      0014BF 75 82 01         [24] 4398 	mov	dpl,#0x01
      0014C2 12r16r19         [24] 4399 	lcall	_p_18_modfied_nop
                                   4400 ;	isp.c:715: }
      0014C5 85*00 81         [24] 4401 	mov	sp,_bp
      0014C8 D0*00            [24] 4402 	pop	_bp
      0014CA 22               [24] 4403 	ret
                                   4404 ;------------------------------------------------------------
                                   4405 ;Allocation info for local variables in function 'p18_isp_write_cfg'
                                   4406 ;------------------------------------------------------------
                                   4407 ;data2                     Allocated to stack - _bp -3
                                   4408 ;addr                      Allocated to stack - _bp -7
                                   4409 ;data1                     Allocated to registers r7 
                                   4410 ;i                         Allocated to registers r6 r7 
                                   4411 ;------------------------------------------------------------
                                   4412 ;	isp.c:717: void p18_isp_write_cfg (unsigned char data1, unsigned char data2, unsigned long addr)
                                   4413 ;	-----------------------------------------
                                   4414 ;	 function p18_isp_write_cfg
                                   4415 ;	-----------------------------------------
      0014CB                       4416 _p18_isp_write_cfg:
      0014CB C0*00            [24] 4417 	push	_bp
      0014CD 85 81*00         [24] 4418 	mov	_bp,sp
      0014D0 AF 82            [24] 4419 	mov	r7,dpl
                                   4420 ;	isp.c:721: p18_send_cmd_payload(0,0x8EA6);
      0014D2 C0 07            [24] 4421 	push	ar7
      0014D4 74 A6            [12] 4422 	mov	a,#0xa6
      0014D6 C0 E0            [24] 4423 	push	acc
      0014D8 74 8E            [12] 4424 	mov	a,#0x8e
      0014DA C0 E0            [24] 4425 	push	acc
      0014DC 75 82 00         [24] 4426 	mov	dpl,#0x00
      0014DF 12r17rD9         [24] 4427 	lcall	_p18_send_cmd_payload
      0014E2 15 81            [12] 4428 	dec	sp
      0014E4 15 81            [12] 4429 	dec	sp
                                   4430 ;	isp.c:722: p18_send_cmd_payload(0,0x8CA6);
      0014E6 74 A6            [12] 4431 	mov	a,#0xa6
      0014E8 C0 E0            [24] 4432 	push	acc
      0014EA 74 8C            [12] 4433 	mov	a,#0x8c
      0014EC C0 E0            [24] 4434 	push	acc
      0014EE 75 82 00         [24] 4435 	mov	dpl,#0x00
      0014F1 12r17rD9         [24] 4436 	lcall	_p18_send_cmd_payload
      0014F4 15 81            [12] 4437 	dec	sp
      0014F6 15 81            [12] 4438 	dec	sp
                                   4439 ;	isp.c:723: p18_send_cmd_payload(0,0x84A6);
      0014F8 74 A6            [12] 4440 	mov	a,#0xa6
      0014FA C0 E0            [24] 4441 	push	acc
      0014FC 74 84            [12] 4442 	mov	a,#0x84
      0014FE C0 E0            [24] 4443 	push	acc
      001500 75 82 00         [24] 4444 	mov	dpl,#0x00
      001503 12r17rD9         [24] 4445 	lcall	_p18_send_cmd_payload
      001506 15 81            [12] 4446 	dec	sp
      001508 15 81            [12] 4447 	dec	sp
                                   4448 ;	isp.c:724: p18_set_tblptr(addr);
      00150A E5*00            [12] 4449 	mov	a,_bp
      00150C 24 F9            [12] 4450 	add	a,#0xf9
      00150E F8               [12] 4451 	mov	r0,a
      00150F 86 82            [24] 4452 	mov	dpl,@r0
      001511 08               [12] 4453 	inc	r0
      001512 86 83            [24] 4454 	mov	dph,@r0
      001514 08               [12] 4455 	inc	r0
      001515 86 F0            [24] 4456 	mov	b,@r0
      001517 08               [12] 4457 	inc	r0
      001518 E6               [12] 4458 	mov	a,@r0
      001519 12r17r02         [24] 4459 	lcall	_p18_set_tblptr
                                   4460 ;	isp.c:725: p18_send_cmd_payload(0x0F,data1);
      00151C 7E 00            [12] 4461 	mov	r6,#0x00
      00151E C0 06            [24] 4462 	push	ar6
      001520 75 82 0F         [24] 4463 	mov	dpl,#0x0f
      001523 12r17rD9         [24] 4464 	lcall	_p18_send_cmd_payload
      001526 15 81            [12] 4465 	dec	sp
      001528 15 81            [12] 4466 	dec	sp
                                   4467 ;	isp.c:726: p_18_modfied_nop(1);
      00152A 75 82 01         [24] 4468 	mov	dpl,#0x01
      00152D 12r16r19         [24] 4469 	lcall	_p_18_modfied_nop
                                   4470 ;	isp.c:727: DLY_ms(5);
      001530 90 00 05         [24] 4471 	mov	dptr,#0x0005
      001533 12r00r00         [24] 4472 	lcall	_DLY_ms
                                   4473 ;	isp.c:728: p18_set_tblptr(addr+1);
      001536 E5*00            [12] 4474 	mov	a,_bp
      001538 24 F9            [12] 4475 	add	a,#0xf9
      00153A F8               [12] 4476 	mov	r0,a
      00153B 74 01            [12] 4477 	mov	a,#0x01
      00153D 26               [12] 4478 	add	a,@r0
      00153E FC               [12] 4479 	mov	r4,a
      00153F E4               [12] 4480 	clr	a
      001540 08               [12] 4481 	inc	r0
      001541 36               [12] 4482 	addc	a,@r0
      001542 FD               [12] 4483 	mov	r5,a
      001543 E4               [12] 4484 	clr	a
      001544 08               [12] 4485 	inc	r0
      001545 36               [12] 4486 	addc	a,@r0
      001546 FE               [12] 4487 	mov	r6,a
      001547 E4               [12] 4488 	clr	a
      001548 08               [12] 4489 	inc	r0
      001549 36               [12] 4490 	addc	a,@r0
      00154A 8C 82            [24] 4491 	mov	dpl,r4
      00154C 8D 83            [24] 4492 	mov	dph,r5
      00154E 8E F0            [24] 4493 	mov	b,r6
      001550 12r17r02         [24] 4494 	lcall	_p18_set_tblptr
                                   4495 ;	isp.c:729: i = data2;
      001553 E5*00            [12] 4496 	mov	a,_bp
      001555 24 FD            [12] 4497 	add	a,#0xfd
      001557 F8               [12] 4498 	mov	r0,a
      001558 86 06            [24] 4499 	mov	ar6,@r0
                                   4500 ;	isp.c:730: i = i << 8;
      00155A 8E 07            [24] 4501 	mov	ar7,r6
      00155C 7E 00            [12] 4502 	mov	r6,#0x00
                                   4503 ;	isp.c:731: p18_send_cmd_payload(0x0F,i);
      00155E C0 06            [24] 4504 	push	ar6
      001560 C0 07            [24] 4505 	push	ar7
      001562 75 82 0F         [24] 4506 	mov	dpl,#0x0f
      001565 12r17rD9         [24] 4507 	lcall	_p18_send_cmd_payload
      001568 15 81            [12] 4508 	dec	sp
      00156A 15 81            [12] 4509 	dec	sp
                                   4510 ;	isp.c:732: p_18_modfied_nop(1);
      00156C 75 82 01         [24] 4511 	mov	dpl,#0x01
      00156F 12r16r19         [24] 4512 	lcall	_p_18_modfied_nop
                                   4513 ;	isp.c:733: DLY_ms(5);
      001572 90 00 05         [24] 4514 	mov	dptr,#0x0005
      001575 12r00r00         [24] 4515 	lcall	_DLY_ms
                                   4516 ;	isp.c:734: }
      001578 D0*00            [24] 4517 	pop	_bp
      00157A 22               [24] 4518 	ret
                                   4519 ;------------------------------------------------------------
                                   4520 ;Allocation info for local variables in function 'p18fk_isp_write_cfg'
                                   4521 ;------------------------------------------------------------
                                   4522 ;data2                     Allocated to stack - _bp -3
                                   4523 ;addr                      Allocated to stack - _bp -7
                                   4524 ;data1                     Allocated to registers r7 
                                   4525 ;i                         Allocated to registers r6 r7 
                                   4526 ;------------------------------------------------------------
                                   4527 ;	isp.c:736: void p18fk_isp_write_cfg (unsigned char data1, unsigned char data2, unsigned long addr)
                                   4528 ;	-----------------------------------------
                                   4529 ;	 function p18fk_isp_write_cfg
                                   4530 ;	-----------------------------------------
      00157B                       4531 _p18fk_isp_write_cfg:
      00157B C0*00            [24] 4532 	push	_bp
      00157D 85 81*00         [24] 4533 	mov	_bp,sp
      001580 AF 82            [24] 4534 	mov	r7,dpl
                                   4535 ;	isp.c:740: p18_send_cmd_payload(0,0x8E7F);
      001582 C0 07            [24] 4536 	push	ar7
      001584 74 7F            [12] 4537 	mov	a,#0x7f
      001586 C0 E0            [24] 4538 	push	acc
      001588 74 8E            [12] 4539 	mov	a,#0x8e
      00158A C0 E0            [24] 4540 	push	acc
      00158C 75 82 00         [24] 4541 	mov	dpl,#0x00
      00158F 12r17rD9         [24] 4542 	lcall	_p18_send_cmd_payload
      001592 15 81            [12] 4543 	dec	sp
      001594 15 81            [12] 4544 	dec	sp
                                   4545 ;	isp.c:741: p18_send_cmd_payload(0,0x8C7F);
      001596 74 7F            [12] 4546 	mov	a,#0x7f
      001598 C0 E0            [24] 4547 	push	acc
      00159A 74 8C            [12] 4548 	mov	a,#0x8c
      00159C C0 E0            [24] 4549 	push	acc
      00159E 75 82 00         [24] 4550 	mov	dpl,#0x00
      0015A1 12r17rD9         [24] 4551 	lcall	_p18_send_cmd_payload
      0015A4 15 81            [12] 4552 	dec	sp
      0015A6 15 81            [12] 4553 	dec	sp
                                   4554 ;	isp.c:742: p18_set_tblptr(addr);
      0015A8 E5*00            [12] 4555 	mov	a,_bp
      0015AA 24 F9            [12] 4556 	add	a,#0xf9
      0015AC F8               [12] 4557 	mov	r0,a
      0015AD 86 82            [24] 4558 	mov	dpl,@r0
      0015AF 08               [12] 4559 	inc	r0
      0015B0 86 83            [24] 4560 	mov	dph,@r0
      0015B2 08               [12] 4561 	inc	r0
      0015B3 86 F0            [24] 4562 	mov	b,@r0
      0015B5 08               [12] 4563 	inc	r0
      0015B6 E6               [12] 4564 	mov	a,@r0
      0015B7 12r17r02         [24] 4565 	lcall	_p18_set_tblptr
                                   4566 ;	isp.c:743: p18_send_cmd_payload(0x0F,data1);
      0015BA 7E 00            [12] 4567 	mov	r6,#0x00
      0015BC C0 06            [24] 4568 	push	ar6
      0015BE 75 82 0F         [24] 4569 	mov	dpl,#0x0f
      0015C1 12r17rD9         [24] 4570 	lcall	_p18_send_cmd_payload
      0015C4 15 81            [12] 4571 	dec	sp
      0015C6 15 81            [12] 4572 	dec	sp
                                   4573 ;	isp.c:744: p_18_modfied_nop(1);
      0015C8 75 82 01         [24] 4574 	mov	dpl,#0x01
      0015CB 12r16r19         [24] 4575 	lcall	_p_18_modfied_nop
                                   4576 ;	isp.c:745: DLY_ms(5);
      0015CE 90 00 05         [24] 4577 	mov	dptr,#0x0005
      0015D1 12r00r00         [24] 4578 	lcall	_DLY_ms
                                   4579 ;	isp.c:746: p18_set_tblptr(addr+1);
      0015D4 E5*00            [12] 4580 	mov	a,_bp
      0015D6 24 F9            [12] 4581 	add	a,#0xf9
      0015D8 F8               [12] 4582 	mov	r0,a
      0015D9 74 01            [12] 4583 	mov	a,#0x01
      0015DB 26               [12] 4584 	add	a,@r0
      0015DC FC               [12] 4585 	mov	r4,a
      0015DD E4               [12] 4586 	clr	a
      0015DE 08               [12] 4587 	inc	r0
      0015DF 36               [12] 4588 	addc	a,@r0
      0015E0 FD               [12] 4589 	mov	r5,a
      0015E1 E4               [12] 4590 	clr	a
      0015E2 08               [12] 4591 	inc	r0
      0015E3 36               [12] 4592 	addc	a,@r0
      0015E4 FE               [12] 4593 	mov	r6,a
      0015E5 E4               [12] 4594 	clr	a
      0015E6 08               [12] 4595 	inc	r0
      0015E7 36               [12] 4596 	addc	a,@r0
      0015E8 8C 82            [24] 4597 	mov	dpl,r4
      0015EA 8D 83            [24] 4598 	mov	dph,r5
      0015EC 8E F0            [24] 4599 	mov	b,r6
      0015EE 12r17r02         [24] 4600 	lcall	_p18_set_tblptr
                                   4601 ;	isp.c:747: i = data2;
      0015F1 E5*00            [12] 4602 	mov	a,_bp
      0015F3 24 FD            [12] 4603 	add	a,#0xfd
      0015F5 F8               [12] 4604 	mov	r0,a
      0015F6 86 06            [24] 4605 	mov	ar6,@r0
                                   4606 ;	isp.c:748: i = i << 8;
      0015F8 8E 07            [24] 4607 	mov	ar7,r6
      0015FA 7E 00            [12] 4608 	mov	r6,#0x00
                                   4609 ;	isp.c:749: p18_send_cmd_payload(0x0F,i);
      0015FC C0 06            [24] 4610 	push	ar6
      0015FE C0 07            [24] 4611 	push	ar7
      001600 75 82 0F         [24] 4612 	mov	dpl,#0x0f
      001603 12r17rD9         [24] 4613 	lcall	_p18_send_cmd_payload
      001606 15 81            [12] 4614 	dec	sp
      001608 15 81            [12] 4615 	dec	sp
                                   4616 ;	isp.c:750: p_18_modfied_nop(1);
      00160A 75 82 01         [24] 4617 	mov	dpl,#0x01
      00160D 12r16r19         [24] 4618 	lcall	_p_18_modfied_nop
                                   4619 ;	isp.c:751: DLY_ms(5);
      001610 90 00 05         [24] 4620 	mov	dptr,#0x0005
      001613 12r00r00         [24] 4621 	lcall	_DLY_ms
                                   4622 ;	isp.c:752: }
      001616 D0*00            [24] 4623 	pop	_bp
      001618 22               [24] 4624 	ret
                                   4625 ;------------------------------------------------------------
                                   4626 ;Allocation info for local variables in function 'p_18_modfied_nop'
                                   4627 ;------------------------------------------------------------
                                   4628 ;nop_long                  Allocated to registers r7 
                                   4629 ;i                         Allocated to registers r6 
                                   4630 ;------------------------------------------------------------
                                   4631 ;	isp.c:754: void p_18_modfied_nop (unsigned char nop_long)
                                   4632 ;	-----------------------------------------
                                   4633 ;	 function p_18_modfied_nop
                                   4634 ;	-----------------------------------------
      001619                       4635 _p_18_modfied_nop:
      001619 AF 82            [24] 4636 	mov	r7,dpl
                                   4637 ;	isp.c:757: ISP_DAT_D_O
      00161B 53 92 7F         [24] 4638 	anl	_P1_MOD_OC,#0x7f
      00161E 43 93 80         [24] 4639 	orl	_P1_DIR_PU,#0x80
                                   4640 ;	isp.c:758: ISP_DAT_0
                                   4641 ;	assignBit
      001621 C2 97            [12] 4642 	clr	_PP17
                                   4643 ;	isp.c:759: for (i=0;i<3;i++)
      001623 7E 00            [12] 4644 	mov	r6,#0x00
      001625                       4645 00104$:
                                   4646 ;	isp.c:761: DLY_us(ISP_CLK_DELAY);
      001625 90 00 01         [24] 4647 	mov	dptr,#0x0001
      001628 C0 07            [24] 4648 	push	ar7
      00162A C0 06            [24] 4649 	push	ar6
      00162C 12r00r00         [24] 4650 	lcall	_DLY_us
                                   4651 ;	isp.c:762: ISP_CLK_1
                                   4652 ;	assignBit
      00162F D2 96            [12] 4653 	setb	_PP16
                                   4654 ;	isp.c:763: DLY_us(ISP_CLK_DELAY);
      001631 90 00 01         [24] 4655 	mov	dptr,#0x0001
      001634 12r00r00         [24] 4656 	lcall	_DLY_us
      001637 D0 06            [24] 4657 	pop	ar6
      001639 D0 07            [24] 4658 	pop	ar7
                                   4659 ;	isp.c:764: ISP_CLK_0
                                   4660 ;	assignBit
      00163B C2 96            [12] 4661 	clr	_PP16
                                   4662 ;	isp.c:759: for (i=0;i<3;i++)
      00163D 0E               [12] 4663 	inc	r6
      00163E BE 03 00         [24] 4664 	cjne	r6,#0x03,00121$
      001641                       4665 00121$:
      001641 40 E2            [24] 4666 	jc	00104$
                                   4667 ;	isp.c:766: DLY_us(ISP_CLK_DELAY);
      001643 90 00 01         [24] 4668 	mov	dptr,#0x0001
      001646 C0 07            [24] 4669 	push	ar7
      001648 12r00r00         [24] 4670 	lcall	_DLY_us
      00164B D0 07            [24] 4671 	pop	ar7
                                   4672 ;	isp.c:767: ISP_CLK_1
                                   4673 ;	assignBit
      00164D D2 96            [12] 4674 	setb	_PP16
                                   4675 ;	isp.c:768: if (nop_long==1) DLY_ms(4);
      00164F BF 01 06         [24] 4676 	cjne	r7,#0x01,00103$
      001652 90 00 04         [24] 4677 	mov	dptr,#0x0004
      001655 12r00r00         [24] 4678 	lcall	_DLY_ms
      001658                       4679 00103$:
                                   4680 ;	isp.c:769: DLY_ms(1);
      001658 90 00 01         [24] 4681 	mov	dptr,#0x0001
      00165B 12r00r00         [24] 4682 	lcall	_DLY_ms
                                   4683 ;	isp.c:770: ISP_CLK_0
                                   4684 ;	assignBit
      00165E C2 96            [12] 4685 	clr	_PP16
                                   4686 ;	isp.c:771: DLY_us(ISP_CLK_DELAY);
      001660 90 00 01         [24] 4687 	mov	dptr,#0x0001
      001663 12r00r00         [24] 4688 	lcall	_DLY_us
                                   4689 ;	isp.c:772: isp_send(0x00,16);
      001666 74 10            [12] 4690 	mov	a,#0x10
      001668 C0 E0            [24] 4691 	push	acc
      00166A 90 00 00         [24] 4692 	mov	dptr,#0x0000
      00166D 12r0Fr59         [24] 4693 	lcall	_isp_send
      001670 15 81            [12] 4694 	dec	sp
                                   4695 ;	isp.c:773: }
      001672 22               [24] 4696 	ret
                                   4697 ;------------------------------------------------------------
                                   4698 ;Allocation info for local variables in function 'p_18_isp_read_pgm'
                                   4699 ;------------------------------------------------------------
                                   4700 ;addr                      Allocated to stack - _bp -6
                                   4701 ;n                         Allocated to stack - _bp -7
                                   4702 ;data                      Allocated to stack - _bp +1
                                   4703 ;i                         Allocated to registers r4 
                                   4704 ;tmp1                      Allocated to registers r5 r6 
                                   4705 ;tmp2                      Allocated to stack - _bp +4
                                   4706 ;------------------------------------------------------------
                                   4707 ;	isp.c:775: void p_18_isp_read_pgm (unsigned int * data, unsigned long addr, unsigned char n)
                                   4708 ;	-----------------------------------------
                                   4709 ;	 function p_18_isp_read_pgm
                                   4710 ;	-----------------------------------------
      001673                       4711 _p_18_isp_read_pgm:
      001673 C0*00            [24] 4712 	push	_bp
      001675 85 81*00         [24] 4713 	mov	_bp,sp
      001678 C0 82            [24] 4714 	push	dpl
      00167A C0 83            [24] 4715 	push	dph
      00167C C0 F0            [24] 4716 	push	b
      00167E 05 81            [12] 4717 	inc	sp
      001680 05 81            [12] 4718 	inc	sp
                                   4719 ;	isp.c:780: p18_set_tblptr(addr);
      001682 E5*00            [12] 4720 	mov	a,_bp
      001684 24 FA            [12] 4721 	add	a,#0xfa
      001686 F8               [12] 4722 	mov	r0,a
      001687 86 82            [24] 4723 	mov	dpl,@r0
      001689 08               [12] 4724 	inc	r0
      00168A 86 83            [24] 4725 	mov	dph,@r0
      00168C 08               [12] 4726 	inc	r0
      00168D 86 F0            [24] 4727 	mov	b,@r0
      00168F 08               [12] 4728 	inc	r0
      001690 E6               [12] 4729 	mov	a,@r0
      001691 12r17r02         [24] 4730 	lcall	_p18_set_tblptr
                                   4731 ;	isp.c:781: for (i=0;i<n;i++)
      001694 7C 00            [12] 4732 	mov	r4,#0x00
      001696                       4733 00103$:
      001696 E5*00            [12] 4734 	mov	a,_bp
      001698 24 F9            [12] 4735 	add	a,#0xf9
      00169A F8               [12] 4736 	mov	r0,a
      00169B C3               [12] 4737 	clr	c
      00169C EC               [12] 4738 	mov	a,r4
      00169D 96               [12] 4739 	subb	a,@r0
      00169E 50 5C            [24] 4740 	jnc	00105$
                                   4741 ;	isp.c:783: tmp1 =  p18_read_pgm_byte();
      0016A0 C0 04            [24] 4742 	push	ar4
      0016A2 12r17r95         [24] 4743 	lcall	_p18_read_pgm_byte
      0016A5 AB 82            [24] 4744 	mov	r3,dpl
      0016A7 D0 04            [24] 4745 	pop	ar4
      0016A9 8B 05            [24] 4746 	mov	ar5,r3
      0016AB 7E 00            [12] 4747 	mov	r6,#0x00
                                   4748 ;	isp.c:784: tmp2 =  p18_read_pgm_byte();
      0016AD C0 06            [24] 4749 	push	ar6
      0016AF C0 05            [24] 4750 	push	ar5
      0016B1 C0 04            [24] 4751 	push	ar4
      0016B3 12r17r95         [24] 4752 	lcall	_p18_read_pgm_byte
      0016B6 AB 82            [24] 4753 	mov	r3,dpl
      0016B8 D0 04            [24] 4754 	pop	ar4
      0016BA D0 05            [24] 4755 	pop	ar5
      0016BC D0 06            [24] 4756 	pop	ar6
                                   4757 ;	isp.c:785: tmp2 = tmp2<<8;
      0016BE E5*00            [12] 4758 	mov	a,_bp
      0016C0 24 04            [12] 4759 	add	a,#0x04
      0016C2 F8               [12] 4760 	mov	r0,a
      0016C3 08               [12] 4761 	inc	r0
      0016C4 A6 03            [24] 4762 	mov	@r0,ar3
      0016C6 18               [12] 4763 	dec	r0
      0016C7 76 00            [12] 4764 	mov	@r0,#0x00
                                   4765 ;	isp.c:786: data[i] = tmp1|tmp2;
      0016C9 EC               [12] 4766 	mov	a,r4
      0016CA 75 F0 02         [24] 4767 	mov	b,#0x02
      0016CD A4               [48] 4768 	mul	ab
      0016CE FA               [12] 4769 	mov	r2,a
      0016CF AB F0            [24] 4770 	mov	r3,b
      0016D1 A8*00            [24] 4771 	mov	r0,_bp
      0016D3 08               [12] 4772 	inc	r0
      0016D4 EA               [12] 4773 	mov	a,r2
      0016D5 26               [12] 4774 	add	a,@r0
      0016D6 FA               [12] 4775 	mov	r2,a
      0016D7 EB               [12] 4776 	mov	a,r3
      0016D8 08               [12] 4777 	inc	r0
      0016D9 36               [12] 4778 	addc	a,@r0
      0016DA FB               [12] 4779 	mov	r3,a
      0016DB 08               [12] 4780 	inc	r0
      0016DC 86 07            [24] 4781 	mov	ar7,@r0
      0016DE E5*00            [12] 4782 	mov	a,_bp
      0016E0 24 04            [12] 4783 	add	a,#0x04
      0016E2 F8               [12] 4784 	mov	r0,a
      0016E3 E6               [12] 4785 	mov	a,@r0
      0016E4 42 05            [12] 4786 	orl	ar5,a
      0016E6 08               [12] 4787 	inc	r0
      0016E7 E6               [12] 4788 	mov	a,@r0
      0016E8 42 06            [12] 4789 	orl	ar6,a
      0016EA 8A 82            [24] 4790 	mov	dpl,r2
      0016EC 8B 83            [24] 4791 	mov	dph,r3
      0016EE 8F F0            [24] 4792 	mov	b,r7
      0016F0 ED               [12] 4793 	mov	a,r5
      0016F1 12r00r00         [24] 4794 	lcall	__gptrput
      0016F4 A3               [24] 4795 	inc	dptr
      0016F5 EE               [12] 4796 	mov	a,r6
      0016F6 12r00r00         [24] 4797 	lcall	__gptrput
                                   4798 ;	isp.c:781: for (i=0;i<n;i++)
      0016F9 0C               [12] 4799 	inc	r4
      0016FA 80 9A            [24] 4800 	sjmp	00103$
      0016FC                       4801 00105$:
                                   4802 ;	isp.c:788: }
      0016FC 85*00 81         [24] 4803 	mov	sp,_bp
      0016FF D0*00            [24] 4804 	pop	_bp
      001701 22               [24] 4805 	ret
                                   4806 ;------------------------------------------------------------
                                   4807 ;Allocation info for local variables in function 'p18_set_tblptr'
                                   4808 ;------------------------------------------------------------
                                   4809 ;val                       Allocated to registers r4 r5 r6 r7 
                                   4810 ;------------------------------------------------------------
                                   4811 ;	isp.c:791: void p18_set_tblptr (unsigned long val)
                                   4812 ;	-----------------------------------------
                                   4813 ;	 function p18_set_tblptr
                                   4814 ;	-----------------------------------------
      001702                       4815 _p18_set_tblptr:
      001702 AC 82            [24] 4816 	mov	r4,dpl
      001704 AD 83            [24] 4817 	mov	r5,dph
      001706 AE F0            [24] 4818 	mov	r6,b
      001708 FF               [12] 4819 	mov	r7,a
                                   4820 ;	isp.c:793: p18_send_cmd_payload(0,0x0E00|((val>>16)&0xFF));
      001709 8E 02            [24] 4821 	mov	ar2,r6
      00170B 7B 00            [12] 4822 	mov	r3,#0x00
      00170D 43 03 0E         [24] 4823 	orl	ar3,#0x0e
      001710 C0 07            [24] 4824 	push	ar7
      001712 C0 06            [24] 4825 	push	ar6
      001714 C0 05            [24] 4826 	push	ar5
      001716 C0 04            [24] 4827 	push	ar4
      001718 C0 02            [24] 4828 	push	ar2
      00171A C0 03            [24] 4829 	push	ar3
      00171C 75 82 00         [24] 4830 	mov	dpl,#0x00
      00171F 12r17rD9         [24] 4831 	lcall	_p18_send_cmd_payload
      001722 15 81            [12] 4832 	dec	sp
      001724 15 81            [12] 4833 	dec	sp
                                   4834 ;	isp.c:794: p18_send_cmd_payload(0,0x6EF8);
      001726 74 F8            [12] 4835 	mov	a,#0xf8
      001728 C0 E0            [24] 4836 	push	acc
      00172A 74 6E            [12] 4837 	mov	a,#0x6e
      00172C C0 E0            [24] 4838 	push	acc
      00172E 75 82 00         [24] 4839 	mov	dpl,#0x00
      001731 12r17rD9         [24] 4840 	lcall	_p18_send_cmd_payload
      001734 15 81            [12] 4841 	dec	sp
      001736 15 81            [12] 4842 	dec	sp
      001738 D0 04            [24] 4843 	pop	ar4
      00173A D0 05            [24] 4844 	pop	ar5
                                   4845 ;	isp.c:795: p18_send_cmd_payload(0,0x0E00|((val>>8)&0xFF));
      00173C 8D 02            [24] 4846 	mov	ar2,r5
      00173E 7B 00            [12] 4847 	mov	r3,#0x00
      001740 43 03 0E         [24] 4848 	orl	ar3,#0x0e
      001743 C0 05            [24] 4849 	push	ar5
      001745 C0 04            [24] 4850 	push	ar4
      001747 C0 02            [24] 4851 	push	ar2
      001749 C0 03            [24] 4852 	push	ar3
      00174B 75 82 00         [24] 4853 	mov	dpl,#0x00
      00174E 12r17rD9         [24] 4854 	lcall	_p18_send_cmd_payload
      001751 15 81            [12] 4855 	dec	sp
      001753 15 81            [12] 4856 	dec	sp
                                   4857 ;	isp.c:796: p18_send_cmd_payload(0,0x6EF7);
      001755 74 F7            [12] 4858 	mov	a,#0xf7
      001757 C0 E0            [24] 4859 	push	acc
      001759 74 6E            [12] 4860 	mov	a,#0x6e
      00175B C0 E0            [24] 4861 	push	acc
      00175D 75 82 00         [24] 4862 	mov	dpl,#0x00
      001760 12r17rD9         [24] 4863 	lcall	_p18_send_cmd_payload
      001763 15 81            [12] 4864 	dec	sp
      001765 15 81            [12] 4865 	dec	sp
      001767 D0 04            [24] 4866 	pop	ar4
      001769 D0 05            [24] 4867 	pop	ar5
      00176B D0 06            [24] 4868 	pop	ar6
      00176D D0 07            [24] 4869 	pop	ar7
                                   4870 ;	isp.c:797: p18_send_cmd_payload(0,0x0E00|((val>>0)&0xFF));
      00176F 7D 00            [12] 4871 	mov	r5,#0x00
      001771 43 05 0E         [24] 4872 	orl	ar5,#0x0e
      001774 C0 04            [24] 4873 	push	ar4
      001776 C0 05            [24] 4874 	push	ar5
      001778 75 82 00         [24] 4875 	mov	dpl,#0x00
      00177B 12r17rD9         [24] 4876 	lcall	_p18_send_cmd_payload
      00177E 15 81            [12] 4877 	dec	sp
      001780 15 81            [12] 4878 	dec	sp
                                   4879 ;	isp.c:798: p18_send_cmd_payload(0,0x6EF6);
      001782 74 F6            [12] 4880 	mov	a,#0xf6
      001784 C0 E0            [24] 4881 	push	acc
      001786 74 6E            [12] 4882 	mov	a,#0x6e
      001788 C0 E0            [24] 4883 	push	acc
      00178A 75 82 00         [24] 4884 	mov	dpl,#0x00
      00178D 12r17rD9         [24] 4885 	lcall	_p18_send_cmd_payload
      001790 15 81            [12] 4886 	dec	sp
      001792 15 81            [12] 4887 	dec	sp
                                   4888 ;	isp.c:799: }
      001794 22               [24] 4889 	ret
                                   4890 ;------------------------------------------------------------
                                   4891 ;Allocation info for local variables in function 'p18_read_pgm_byte'
                                   4892 ;------------------------------------------------------------
                                   4893 ;	isp.c:802: unsigned char p18_read_pgm_byte (void)
                                   4894 ;	-----------------------------------------
                                   4895 ;	 function p18_read_pgm_byte
                                   4896 ;	-----------------------------------------
      001795                       4897 _p18_read_pgm_byte:
                                   4898 ;	isp.c:804: isp_send(0x09,4);
      001795 74 04            [12] 4899 	mov	a,#0x04
      001797 C0 E0            [24] 4900 	push	acc
      001799 90 00 09         [24] 4901 	mov	dptr,#0x0009
      00179C 12r0Fr59         [24] 4902 	lcall	_isp_send
      00179F 15 81            [12] 4903 	dec	sp
                                   4904 ;	isp.c:805: isp_send(0x00,8);
      0017A1 74 08            [12] 4905 	mov	a,#0x08
      0017A3 C0 E0            [24] 4906 	push	acc
      0017A5 90 00 00         [24] 4907 	mov	dptr,#0x0000
      0017A8 12r0Fr59         [24] 4908 	lcall	_isp_send
      0017AB 15 81            [12] 4909 	dec	sp
                                   4910 ;	isp.c:806: return isp_read_8();
                                   4911 ;	isp.c:807: }
      0017AD 02r0ErFF         [24] 4912 	ljmp	_isp_read_8
                                   4913 ;------------------------------------------------------------
                                   4914 ;Allocation info for local variables in function 'p18_get_ID'
                                   4915 ;------------------------------------------------------------
                                   4916 ;temp                      Allocated to registers r7 r6 
                                   4917 ;------------------------------------------------------------
                                   4918 ;	isp.c:809: unsigned int p18_get_ID (void)
                                   4919 ;	-----------------------------------------
                                   4920 ;	 function p18_get_ID
                                   4921 ;	-----------------------------------------
      0017B0                       4922 _p18_get_ID:
                                   4923 ;	isp.c:813: p18_set_tblptr(0x3FFFFE);
      0017B0 90 FF FE         [24] 4924 	mov	dptr,#0xfffe
      0017B3 75 F0 3F         [24] 4925 	mov	b,#0x3f
      0017B6 E4               [12] 4926 	clr	a
      0017B7 12r17r02         [24] 4927 	lcall	_p18_set_tblptr
                                   4928 ;	isp.c:814: temp = p18_read_pgm_byte();
      0017BA 12r17r95         [24] 4929 	lcall	_p18_read_pgm_byte
                                   4930 ;	isp.c:815: temp = temp << 8;
      0017BD AE 82            [24] 4931 	mov	r6,dpl
      0017BF 7F 00            [12] 4932 	mov	r7,#0x00
                                   4933 ;	isp.c:816: temp = temp | p18_read_pgm_byte();
      0017C1 C0 07            [24] 4934 	push	ar7
      0017C3 C0 06            [24] 4935 	push	ar6
      0017C5 12r17r95         [24] 4936 	lcall	_p18_read_pgm_byte
      0017C8 AD 82            [24] 4937 	mov	r5,dpl
      0017CA D0 06            [24] 4938 	pop	ar6
      0017CC D0 07            [24] 4939 	pop	ar7
      0017CE 7C 00            [12] 4940 	mov	r4,#0x00
      0017D0 ED               [12] 4941 	mov	a,r5
      0017D1 4F               [12] 4942 	orl	a,r7
      0017D2 F5 82            [12] 4943 	mov	dpl,a
      0017D4 EC               [12] 4944 	mov	a,r4
      0017D5 4E               [12] 4945 	orl	a,r6
      0017D6 F5 83            [12] 4946 	mov	dph,a
                                   4947 ;	isp.c:817: return temp;
                                   4948 ;	isp.c:818: }
      0017D8 22               [24] 4949 	ret
                                   4950 ;------------------------------------------------------------
                                   4951 ;Allocation info for local variables in function 'p18_send_cmd_payload'
                                   4952 ;------------------------------------------------------------
                                   4953 ;payload                   Allocated to stack - _bp -4
                                   4954 ;cmd                       Allocated to registers r7 
                                   4955 ;------------------------------------------------------------
                                   4956 ;	isp.c:820: void p18_send_cmd_payload (unsigned char cmd, unsigned int payload)
                                   4957 ;	-----------------------------------------
                                   4958 ;	 function p18_send_cmd_payload
                                   4959 ;	-----------------------------------------
      0017D9                       4960 _p18_send_cmd_payload:
      0017D9 C0*00            [24] 4961 	push	_bp
      0017DB 85 81*00         [24] 4962 	mov	_bp,sp
      0017DE AF 82            [24] 4963 	mov	r7,dpl
                                   4964 ;	isp.c:822: isp_send(cmd,4);
      0017E0 7E 00            [12] 4965 	mov	r6,#0x00
      0017E2 74 04            [12] 4966 	mov	a,#0x04
      0017E4 C0 E0            [24] 4967 	push	acc
      0017E6 8F 82            [24] 4968 	mov	dpl,r7
      0017E8 8E 83            [24] 4969 	mov	dph,r6
      0017EA 12r0Fr59         [24] 4970 	lcall	_isp_send
      0017ED 15 81            [12] 4971 	dec	sp
                                   4972 ;	isp.c:823: isp_send(payload,16);
      0017EF 74 10            [12] 4973 	mov	a,#0x10
      0017F1 C0 E0            [24] 4974 	push	acc
      0017F3 E5*00            [12] 4975 	mov	a,_bp
      0017F5 24 FC            [12] 4976 	add	a,#0xfc
      0017F7 F8               [12] 4977 	mov	r0,a
      0017F8 86 82            [24] 4978 	mov	dpl,@r0
      0017FA 08               [12] 4979 	inc	r0
      0017FB 86 83            [24] 4980 	mov	dph,@r0
      0017FD 12r0Fr59         [24] 4981 	lcall	_isp_send
      001800 15 81            [12] 4982 	dec	sp
                                   4983 ;	isp.c:824: DLY_us(30);
      001802 90 00 1E         [24] 4984 	mov	dptr,#0x001e
      001805 12r00r00         [24] 4985 	lcall	_DLY_us
                                   4986 ;	isp.c:825: }
      001808 D0*00            [24] 4987 	pop	_bp
      00180A 22               [24] 4988 	ret
                                   4989 ;------------------------------------------------------------
                                   4990 ;Allocation info for local variables in function 'p18_get_cmd_payload'
                                   4991 ;------------------------------------------------------------
                                   4992 ;cmd                       Allocated to registers r7 
                                   4993 ;------------------------------------------------------------
                                   4994 ;	isp.c:827: unsigned int p18_get_cmd_payload (unsigned char cmd)
                                   4995 ;	-----------------------------------------
                                   4996 ;	 function p18_get_cmd_payload
                                   4997 ;	-----------------------------------------
      00180B                       4998 _p18_get_cmd_payload:
      00180B AF 82            [24] 4999 	mov	r7,dpl
                                   5000 ;	isp.c:829: isp_send(cmd,4);
      00180D 7E 00            [12] 5001 	mov	r6,#0x00
      00180F 74 04            [12] 5002 	mov	a,#0x04
      001811 C0 E0            [24] 5003 	push	acc
      001813 8F 82            [24] 5004 	mov	dpl,r7
      001815 8E 83            [24] 5005 	mov	dph,r6
      001817 12r0Fr59         [24] 5006 	lcall	_isp_send
      00181A 15 81            [12] 5007 	dec	sp
                                   5008 ;	isp.c:830: return isp_read_16();
                                   5009 ;	isp.c:831: }
      00181C 02r0ErBF         [24] 5010 	ljmp	_isp_read_16
                                   5011 ;------------------------------------------------------------
                                   5012 ;Allocation info for local variables in function 'exit_progmode'
                                   5013 ;------------------------------------------------------------
                                   5014 ;	isp.c:834: unsigned char exit_progmode (void)
                                   5015 ;	-----------------------------------------
                                   5016 ;	 function exit_progmode
                                   5017 ;	-----------------------------------------
      00181F                       5018 _exit_progmode:
                                   5019 ;	isp.c:836: ISP_MCLR_1
                                   5020 ;	assignBit
      00181F D2 95            [12] 5021 	setb	_PP15
                                   5022 ;	isp.c:837: DLY_ms(30);
      001821 90 00 1E         [24] 5023 	mov	dptr,#0x001e
      001824 12r00r00         [24] 5024 	lcall	_DLY_ms
                                   5025 ;	isp.c:838: ISP_MCLR_0
                                   5026 ;	assignBit
      001827 C2 95            [12] 5027 	clr	_PP15
                                   5028 ;	isp.c:839: DLY_ms(30);
      001829 90 00 1E         [24] 5029 	mov	dptr,#0x001e
      00182C 12r00r00         [24] 5030 	lcall	_DLY_ms
                                   5031 ;	isp.c:840: ISP_MCLR_1
                                   5032 ;	assignBit
      00182F D2 95            [12] 5033 	setb	_PP15
                                   5034 ;	isp.c:844: ISP_DAT_D_O
      001831 53 92 7F         [24] 5035 	anl	_P1_MOD_OC,#0x7f
      001834 43 93 80         [24] 5036 	orl	_P1_DIR_PU,#0x80
                                   5037 ;	isp.c:845: ISP_CLK_D_O
      001837 53 92 BF         [24] 5038 	anl	_P1_MOD_OC,#0xbf
      00183A 43 93 40         [24] 5039 	orl	_P1_DIR_PU,#0x40
                                   5040 ;	isp.c:846: ISP_CLK_0
                                   5041 ;	assignBit
      00183D C2 96            [12] 5042 	clr	_PP16
                                   5043 ;	isp.c:847: ISP_DAT_0
                                   5044 ;	assignBit
      00183F C2 97            [12] 5045 	clr	_PP17
                                   5046 ;	isp.c:851: return 0;
      001841 75 82 00         [24] 5047 	mov	dpl,#0x00
                                   5048 ;	isp.c:852: }
      001844 22               [24] 5049 	ret
                                   5050 ;------------------------------------------------------------
                                   5051 ;Allocation info for local variables in function 'p16c_enter_progmode'
                                   5052 ;------------------------------------------------------------
                                   5053 ;	isp.c:856: unsigned char p16c_enter_progmode (void)
                                   5054 ;	-----------------------------------------
                                   5055 ;	 function p16c_enter_progmode
                                   5056 ;	-----------------------------------------
      001845                       5057 _p16c_enter_progmode:
                                   5058 ;	isp.c:858: ISP_MCLR_0
                                   5059 ;	assignBit
      001845 C2 95            [12] 5060 	clr	_PP15
                                   5061 ;	isp.c:859: DLY_us(300);
      001847 90 01 2C         [24] 5062 	mov	dptr,#0x012c
      00184A 12r00r00         [24] 5063 	lcall	_DLY_us
                                   5064 ;	isp.c:860: isp_send_8_msb('M');
      00184D 75 82 4D         [24] 5065 	mov	dpl,#0x4d
      001850 12r10r05         [24] 5066 	lcall	_isp_send_8_msb
                                   5067 ;	isp.c:861: isp_send_8_msb('C');
      001853 75 82 43         [24] 5068 	mov	dpl,#0x43
      001856 12r10r05         [24] 5069 	lcall	_isp_send_8_msb
                                   5070 ;	isp.c:862: isp_send_8_msb('H');
      001859 75 82 48         [24] 5071 	mov	dpl,#0x48
      00185C 12r10r05         [24] 5072 	lcall	_isp_send_8_msb
                                   5073 ;	isp.c:863: isp_send_8_msb('P');
      00185F 75 82 50         [24] 5074 	mov	dpl,#0x50
      001862 12r10r05         [24] 5075 	lcall	_isp_send_8_msb
                                   5076 ;	isp.c:864: DLY_us(300);
      001865 90 01 2C         [24] 5077 	mov	dptr,#0x012c
      001868 12r00r00         [24] 5078 	lcall	_DLY_us
                                   5079 ;	isp.c:865: return 0;
      00186B 75 82 00         [24] 5080 	mov	dpl,#0x00
                                   5081 ;	isp.c:866: }
      00186E 22               [24] 5082 	ret
                                   5083 ;------------------------------------------------------------
                                   5084 ;Allocation info for local variables in function 'p16c_set_pc'
                                   5085 ;------------------------------------------------------------
                                   5086 ;pc                        Allocated to registers r4 r5 r6 r7 
                                   5087 ;------------------------------------------------------------
                                   5088 ;	isp.c:868: void p16c_set_pc (unsigned long pc)
                                   5089 ;	-----------------------------------------
                                   5090 ;	 function p16c_set_pc
                                   5091 ;	-----------------------------------------
      00186F                       5092 _p16c_set_pc:
      00186F AC 82            [24] 5093 	mov	r4,dpl
      001871 AD 83            [24] 5094 	mov	r5,dph
      001873 AE F0            [24] 5095 	mov	r6,b
      001875 FF               [12] 5096 	mov	r7,a
                                   5097 ;	isp.c:870: isp_send_8_msb(0x80);
      001876 75 82 80         [24] 5098 	mov	dpl,#0x80
      001879 C0 07            [24] 5099 	push	ar7
      00187B C0 06            [24] 5100 	push	ar6
      00187D C0 05            [24] 5101 	push	ar5
      00187F C0 04            [24] 5102 	push	ar4
      001881 12r10r05         [24] 5103 	lcall	_isp_send_8_msb
                                   5104 ;	isp.c:871: DLY_us(2);
      001884 90 00 02         [24] 5105 	mov	dptr,#0x0002
      001887 12r00r00         [24] 5106 	lcall	_DLY_us
      00188A D0 04            [24] 5107 	pop	ar4
      00188C D0 05            [24] 5108 	pop	ar5
      00188E D0 06            [24] 5109 	pop	ar6
      001890 D0 07            [24] 5110 	pop	ar7
                                   5111 ;	isp.c:872: isp_send_24_msb(pc);
      001892 8C 82            [24] 5112 	mov	dpl,r4
      001894 8D 83            [24] 5113 	mov	dph,r5
      001896 8E F0            [24] 5114 	mov	b,r6
      001898 EF               [12] 5115 	mov	a,r7
                                   5116 ;	isp.c:874: }
      001899 02r0FrA3         [24] 5117 	ljmp	_isp_send_24_msb
                                   5118 ;------------------------------------------------------------
                                   5119 ;Allocation info for local variables in function 'p16c_bulk_erase'
                                   5120 ;------------------------------------------------------------
                                   5121 ;	isp.c:876: void p16c_bulk_erase (void)
                                   5122 ;	-----------------------------------------
                                   5123 ;	 function p16c_bulk_erase
                                   5124 ;	-----------------------------------------
      00189C                       5125 _p16c_bulk_erase:
                                   5126 ;	isp.c:878: isp_send_8_msb(0x18);
      00189C 75 82 18         [24] 5127 	mov	dpl,#0x18
      00189F 12r10r05         [24] 5128 	lcall	_isp_send_8_msb
                                   5129 ;	isp.c:879: DLY_ms(100);
      0018A2 90 00 64         [24] 5130 	mov	dptr,#0x0064
                                   5131 ;	isp.c:880: }
      0018A5 02r00r00         [24] 5132 	ljmp	_DLY_ms
                                   5133 ;------------------------------------------------------------
                                   5134 ;Allocation info for local variables in function 'p16c_load_nvm'
                                   5135 ;------------------------------------------------------------
                                   5136 ;inc                       Allocated to stack - _bp -3
                                   5137 ;data                      Allocated to registers r6 r7 
                                   5138 ;------------------------------------------------------------
                                   5139 ;	isp.c:882: void p16c_load_nvm (unsigned int data, unsigned char inc)
                                   5140 ;	-----------------------------------------
                                   5141 ;	 function p16c_load_nvm
                                   5142 ;	-----------------------------------------
      0018A8                       5143 _p16c_load_nvm:
      0018A8 C0*00            [24] 5144 	push	_bp
      0018AA 85 81*00         [24] 5145 	mov	_bp,sp
      0018AD AE 82            [24] 5146 	mov	r6,dpl
      0018AF AF 83            [24] 5147 	mov	r7,dph
                                   5148 ;	isp.c:884: if (inc==0) isp_send_8_msb(0x00);
      0018B1 E5*00            [12] 5149 	mov	a,_bp
      0018B3 24 FD            [12] 5150 	add	a,#0xfd
      0018B5 F8               [12] 5151 	mov	r0,a
      0018B6 E6               [12] 5152 	mov	a,@r0
      0018B7 70 0F            [24] 5153 	jnz	00102$
      0018B9 F5 82            [12] 5154 	mov	dpl,a
      0018BB C0 07            [24] 5155 	push	ar7
      0018BD C0 06            [24] 5156 	push	ar6
      0018BF 12r10r05         [24] 5157 	lcall	_isp_send_8_msb
      0018C2 D0 06            [24] 5158 	pop	ar6
      0018C4 D0 07            [24] 5159 	pop	ar7
      0018C6 80 0E            [24] 5160 	sjmp	00103$
      0018C8                       5161 00102$:
                                   5162 ;	isp.c:885: else isp_send_8_msb(0x02);
      0018C8 75 82 02         [24] 5163 	mov	dpl,#0x02
      0018CB C0 07            [24] 5164 	push	ar7
      0018CD C0 06            [24] 5165 	push	ar6
      0018CF 12r10r05         [24] 5166 	lcall	_isp_send_8_msb
      0018D2 D0 06            [24] 5167 	pop	ar6
      0018D4 D0 07            [24] 5168 	pop	ar7
      0018D6                       5169 00103$:
                                   5170 ;	isp.c:886: DLY_us(2);
      0018D6 90 00 02         [24] 5171 	mov	dptr,#0x0002
      0018D9 C0 07            [24] 5172 	push	ar7
      0018DB C0 06            [24] 5173 	push	ar6
      0018DD 12r00r00         [24] 5174 	lcall	_DLY_us
      0018E0 D0 06            [24] 5175 	pop	ar6
      0018E2 D0 07            [24] 5176 	pop	ar7
                                   5177 ;	isp.c:887: isp_send_24_msb(data);
      0018E4 7D 00            [12] 5178 	mov	r5,#0x00
      0018E6 7C 00            [12] 5179 	mov	r4,#0x00
      0018E8 8E 82            [24] 5180 	mov	dpl,r6
      0018EA 8F 83            [24] 5181 	mov	dph,r7
      0018EC 8D F0            [24] 5182 	mov	b,r5
      0018EE EC               [12] 5183 	mov	a,r4
      0018EF 12r0FrA3         [24] 5184 	lcall	_isp_send_24_msb
                                   5185 ;	isp.c:888: DLY_us(2);
      0018F2 90 00 02         [24] 5186 	mov	dptr,#0x0002
      0018F5 12r00r00         [24] 5187 	lcall	_DLY_us
                                   5188 ;	isp.c:889: }
      0018F8 D0*00            [24] 5189 	pop	_bp
      0018FA 22               [24] 5190 	ret
                                   5191 ;------------------------------------------------------------
                                   5192 ;Allocation info for local variables in function 'p16c_read_data_nvm'
                                   5193 ;------------------------------------------------------------
                                   5194 ;inc                       Allocated to registers r7 
                                   5195 ;retval                    Allocated to registers r5 r7 
                                   5196 ;tmp                       Allocated to registers r6 
                                   5197 ;------------------------------------------------------------
                                   5198 ;	isp.c:891: unsigned int p16c_read_data_nvm (unsigned char inc)
                                   5199 ;	-----------------------------------------
                                   5200 ;	 function p16c_read_data_nvm
                                   5201 ;	-----------------------------------------
      0018FB                       5202 _p16c_read_data_nvm:
                                   5203 ;	isp.c:895: if (inc==0) isp_send_8_msb(0xFC);
      0018FB E5 82            [12] 5204 	mov	a,dpl
      0018FD 70 08            [24] 5205 	jnz	00102$
      0018FF 75 82 FC         [24] 5206 	mov	dpl,#0xfc
      001902 12r10r05         [24] 5207 	lcall	_isp_send_8_msb
      001905 80 06            [24] 5208 	sjmp	00103$
      001907                       5209 00102$:
                                   5210 ;	isp.c:896: else isp_send_8_msb(0xFE);
      001907 75 82 FE         [24] 5211 	mov	dpl,#0xfe
      00190A 12r10r05         [24] 5212 	lcall	_isp_send_8_msb
      00190D                       5213 00103$:
                                   5214 ;	isp.c:897: DLY_us(2);
      00190D 90 00 02         [24] 5215 	mov	dptr,#0x0002
      001910 12r00r00         [24] 5216 	lcall	_DLY_us
                                   5217 ;	isp.c:898: tmp = isp_read_8_msb();
      001913 12r10r3F         [24] 5218 	lcall	_isp_read_8_msb
      001916 AE 82            [24] 5219 	mov	r6,dpl
                                   5220 ;	isp.c:899: retval = isp_read_16_msb();
      001918 C0 06            [24] 5221 	push	ar6
      00191A 12r10r7E         [24] 5222 	lcall	_isp_read_16_msb
      00191D AD 82            [24] 5223 	mov	r5,dpl
      00191F AF 83            [24] 5224 	mov	r7,dph
      001921 D0 06            [24] 5225 	pop	ar6
                                   5226 ;	isp.c:900: retval = retval >> 1;
      001923 EF               [12] 5227 	mov	a,r7
      001924 C3               [12] 5228 	clr	c
      001925 13               [12] 5229 	rrc	a
      001926 CD               [12] 5230 	xch	a,r5
      001927 13               [12] 5231 	rrc	a
      001928 CD               [12] 5232 	xch	a,r5
      001929 FF               [12] 5233 	mov	r7,a
                                   5234 ;	isp.c:901: if (tmp&0x01) retval = retval | 0x8000;
      00192A EE               [12] 5235 	mov	a,r6
      00192B 30 E0 03         [24] 5236 	jnb	acc.0,00105$
      00192E 43 07 80         [24] 5237 	orl	ar7,#0x80
      001931                       5238 00105$:
                                   5239 ;	isp.c:902: return retval;
      001931 8D 82            [24] 5240 	mov	dpl,r5
      001933 8F 83            [24] 5241 	mov	dph,r7
                                   5242 ;	isp.c:903: }
      001935 22               [24] 5243 	ret
                                   5244 ;------------------------------------------------------------
                                   5245 ;Allocation info for local variables in function 'p16c_begin_prog'
                                   5246 ;------------------------------------------------------------
                                   5247 ;cfg_bit                   Allocated to registers r7 
                                   5248 ;------------------------------------------------------------
                                   5249 ;	isp.c:905: void p16c_begin_prog (unsigned char cfg_bit)
                                   5250 ;	-----------------------------------------
                                   5251 ;	 function p16c_begin_prog
                                   5252 ;	-----------------------------------------
      001936                       5253 _p16c_begin_prog:
      001936 AF 82            [24] 5254 	mov	r7,dpl
                                   5255 ;	isp.c:907: isp_send_8_msb(0xE0);
      001938 75 82 E0         [24] 5256 	mov	dpl,#0xe0
      00193B C0 07            [24] 5257 	push	ar7
      00193D 12r10r05         [24] 5258 	lcall	_isp_send_8_msb
                                   5259 ;	isp.c:908: DLY_ms(3);
      001940 90 00 03         [24] 5260 	mov	dptr,#0x0003
      001943 12r00r00         [24] 5261 	lcall	_DLY_ms
      001946 D0 07            [24] 5262 	pop	ar7
                                   5263 ;	isp.c:909: if (cfg_bit!=0) DLY_ms(3);
      001948 EF               [12] 5264 	mov	a,r7
      001949 60 06            [24] 5265 	jz	00103$
      00194B 90 00 03         [24] 5266 	mov	dptr,#0x0003
                                   5267 ;	isp.c:910: }
      00194E 02r00r00         [24] 5268 	ljmp	_DLY_ms
      001951                       5269 00103$:
      001951 22               [24] 5270 	ret
                                   5271 ;------------------------------------------------------------
                                   5272 ;Allocation info for local variables in function 'p16c_get_ID'
                                   5273 ;------------------------------------------------------------
                                   5274 ;	isp.c:912: unsigned int p16c_get_ID (void)
                                   5275 ;	-----------------------------------------
                                   5276 ;	 function p16c_get_ID
                                   5277 ;	-----------------------------------------
      001952                       5278 _p16c_get_ID:
                                   5279 ;	isp.c:914: p16c_set_pc(0x8006);
      001952 90 80 06         [24] 5280 	mov	dptr,#0x8006
      001955 E4               [12] 5281 	clr	a
      001956 F5 F0            [12] 5282 	mov	b,a
      001958 12r18r6F         [24] 5283 	lcall	_p16c_set_pc
                                   5284 ;	isp.c:915: return p16c_read_data_nvm(1);
      00195B 75 82 01         [24] 5285 	mov	dpl,#0x01
                                   5286 ;	isp.c:916: }
      00195E 02r18rFB         [24] 5287 	ljmp	_p16c_read_data_nvm
                                   5288 ;------------------------------------------------------------
                                   5289 ;Allocation info for local variables in function 'p16c_isp_write_pgm'
                                   5290 ;------------------------------------------------------------
                                   5291 ;addr                      Allocated to stack - _bp -6
                                   5292 ;n                         Allocated to stack - _bp -7
                                   5293 ;data                      Allocated to stack - _bp +1
                                   5294 ;i                         Allocated to registers r4 
                                   5295 ;------------------------------------------------------------
                                   5296 ;	isp.c:918: void p16c_isp_write_pgm (unsigned int * data, unsigned long addr, unsigned char n)
                                   5297 ;	-----------------------------------------
                                   5298 ;	 function p16c_isp_write_pgm
                                   5299 ;	-----------------------------------------
      001961                       5300 _p16c_isp_write_pgm:
      001961 C0*00            [24] 5301 	push	_bp
      001963 85 81*00         [24] 5302 	mov	_bp,sp
      001966 C0 82            [24] 5303 	push	dpl
      001968 C0 83            [24] 5304 	push	dph
      00196A C0 F0            [24] 5305 	push	b
                                   5306 ;	isp.c:922: p16c_set_pc(addr);
      00196C E5*00            [12] 5307 	mov	a,_bp
      00196E 24 FA            [12] 5308 	add	a,#0xfa
      001970 F8               [12] 5309 	mov	r0,a
      001971 86 82            [24] 5310 	mov	dpl,@r0
      001973 08               [12] 5311 	inc	r0
      001974 86 83            [24] 5312 	mov	dph,@r0
      001976 08               [12] 5313 	inc	r0
      001977 86 F0            [24] 5314 	mov	b,@r0
      001979 08               [12] 5315 	inc	r0
      00197A E6               [12] 5316 	mov	a,@r0
      00197B 12r18r6F         [24] 5317 	lcall	_p16c_set_pc
                                   5318 ;	isp.c:923: for (i=0;i<n;i++)
      00197E 7C 00            [12] 5319 	mov	r4,#0x00
      001980                       5320 00103$:
      001980 E5*00            [12] 5321 	mov	a,_bp
      001982 24 F9            [12] 5322 	add	a,#0xf9
      001984 F8               [12] 5323 	mov	r0,a
      001985 C3               [12] 5324 	clr	c
      001986 EC               [12] 5325 	mov	a,r4
      001987 96               [12] 5326 	subb	a,@r0
      001988 50 38            [24] 5327 	jnc	00101$
                                   5328 ;	isp.c:924: p16c_load_nvm(data[i],1);
      00198A EC               [12] 5329 	mov	a,r4
      00198B 75 F0 02         [24] 5330 	mov	b,#0x02
      00198E A4               [48] 5331 	mul	ab
      00198F FA               [12] 5332 	mov	r2,a
      001990 AB F0            [24] 5333 	mov	r3,b
      001992 A8*00            [24] 5334 	mov	r0,_bp
      001994 08               [12] 5335 	inc	r0
      001995 EA               [12] 5336 	mov	a,r2
      001996 26               [12] 5337 	add	a,@r0
      001997 FA               [12] 5338 	mov	r2,a
      001998 EB               [12] 5339 	mov	a,r3
      001999 08               [12] 5340 	inc	r0
      00199A 36               [12] 5341 	addc	a,@r0
      00199B FB               [12] 5342 	mov	r3,a
      00199C 08               [12] 5343 	inc	r0
      00199D 86 07            [24] 5344 	mov	ar7,@r0
      00199F 8A 82            [24] 5345 	mov	dpl,r2
      0019A1 8B 83            [24] 5346 	mov	dph,r3
      0019A3 8F F0            [24] 5347 	mov	b,r7
      0019A5 12r00r00         [24] 5348 	lcall	__gptrget
      0019A8 FA               [12] 5349 	mov	r2,a
      0019A9 A3               [24] 5350 	inc	dptr
      0019AA 12r00r00         [24] 5351 	lcall	__gptrget
      0019AD FB               [12] 5352 	mov	r3,a
      0019AE C0 04            [24] 5353 	push	ar4
      0019B0 74 01            [12] 5354 	mov	a,#0x01
      0019B2 C0 E0            [24] 5355 	push	acc
      0019B4 8A 82            [24] 5356 	mov	dpl,r2
      0019B6 8B 83            [24] 5357 	mov	dph,r3
      0019B8 12r18rA8         [24] 5358 	lcall	_p16c_load_nvm
      0019BB 15 81            [12] 5359 	dec	sp
      0019BD D0 04            [24] 5360 	pop	ar4
                                   5361 ;	isp.c:923: for (i=0;i<n;i++)
      0019BF 0C               [12] 5362 	inc	r4
      0019C0 80 BE            [24] 5363 	sjmp	00103$
      0019C2                       5364 00101$:
                                   5365 ;	isp.c:925: p16c_set_pc(addr);
      0019C2 E5*00            [12] 5366 	mov	a,_bp
      0019C4 24 FA            [12] 5367 	add	a,#0xfa
      0019C6 F8               [12] 5368 	mov	r0,a
      0019C7 86 82            [24] 5369 	mov	dpl,@r0
      0019C9 08               [12] 5370 	inc	r0
      0019CA 86 83            [24] 5371 	mov	dph,@r0
      0019CC 08               [12] 5372 	inc	r0
      0019CD 86 F0            [24] 5373 	mov	b,@r0
      0019CF 08               [12] 5374 	inc	r0
      0019D0 E6               [12] 5375 	mov	a,@r0
      0019D1 12r18r6F         [24] 5376 	lcall	_p16c_set_pc
                                   5377 ;	isp.c:926: p16c_begin_prog(0);
      0019D4 75 82 00         [24] 5378 	mov	dpl,#0x00
      0019D7 12r19r36         [24] 5379 	lcall	_p16c_begin_prog
                                   5380 ;	isp.c:927: }
      0019DA 85*00 81         [24] 5381 	mov	sp,_bp
      0019DD D0*00            [24] 5382 	pop	_bp
      0019DF 22               [24] 5383 	ret
                                   5384 ;------------------------------------------------------------
                                   5385 ;Allocation info for local variables in function 'p16c_isp_read_pgm'
                                   5386 ;------------------------------------------------------------
                                   5387 ;addr                      Allocated to stack - _bp -6
                                   5388 ;n                         Allocated to stack - _bp -7
                                   5389 ;data                      Allocated to stack - _bp +1
                                   5390 ;i                         Allocated to registers r4 
                                   5391 ;------------------------------------------------------------
                                   5392 ;	isp.c:929: void p16c_isp_read_pgm (unsigned int * data, unsigned long addr, unsigned char n)
                                   5393 ;	-----------------------------------------
                                   5394 ;	 function p16c_isp_read_pgm
                                   5395 ;	-----------------------------------------
      0019E0                       5396 _p16c_isp_read_pgm:
      0019E0 C0*00            [24] 5397 	push	_bp
      0019E2 85 81*00         [24] 5398 	mov	_bp,sp
      0019E5 C0 82            [24] 5399 	push	dpl
      0019E7 C0 83            [24] 5400 	push	dph
      0019E9 C0 F0            [24] 5401 	push	b
                                   5402 ;	isp.c:934: p16c_set_pc(addr);
      0019EB E5*00            [12] 5403 	mov	a,_bp
      0019ED 24 FA            [12] 5404 	add	a,#0xfa
      0019EF F8               [12] 5405 	mov	r0,a
      0019F0 86 82            [24] 5406 	mov	dpl,@r0
      0019F2 08               [12] 5407 	inc	r0
      0019F3 86 83            [24] 5408 	mov	dph,@r0
      0019F5 08               [12] 5409 	inc	r0
      0019F6 86 F0            [24] 5410 	mov	b,@r0
      0019F8 08               [12] 5411 	inc	r0
      0019F9 E6               [12] 5412 	mov	a,@r0
      0019FA 12r18r6F         [24] 5413 	lcall	_p16c_set_pc
                                   5414 ;	isp.c:935: for (i=0;i<n;i++)
      0019FD 7C 00            [12] 5415 	mov	r4,#0x00
      0019FF                       5416 00103$:
      0019FF E5*00            [12] 5417 	mov	a,_bp
      001A01 24 F9            [12] 5418 	add	a,#0xf9
      001A03 F8               [12] 5419 	mov	r0,a
      001A04 C3               [12] 5420 	clr	c
      001A05 EC               [12] 5421 	mov	a,r4
      001A06 96               [12] 5422 	subb	a,@r0
      001A07 50 41            [24] 5423 	jnc	00105$
                                   5424 ;	isp.c:936: data[i] = p16c_read_data_nvm(1);
      001A09 EC               [12] 5425 	mov	a,r4
      001A0A 75 F0 02         [24] 5426 	mov	b,#0x02
      001A0D A4               [48] 5427 	mul	ab
      001A0E FA               [12] 5428 	mov	r2,a
      001A0F AB F0            [24] 5429 	mov	r3,b
      001A11 A8*00            [24] 5430 	mov	r0,_bp
      001A13 08               [12] 5431 	inc	r0
      001A14 EA               [12] 5432 	mov	a,r2
      001A15 26               [12] 5433 	add	a,@r0
      001A16 FA               [12] 5434 	mov	r2,a
      001A17 EB               [12] 5435 	mov	a,r3
      001A18 08               [12] 5436 	inc	r0
      001A19 36               [12] 5437 	addc	a,@r0
      001A1A FB               [12] 5438 	mov	r3,a
      001A1B 08               [12] 5439 	inc	r0
      001A1C 86 07            [24] 5440 	mov	ar7,@r0
      001A1E 75 82 01         [24] 5441 	mov	dpl,#0x01
      001A21 C0 07            [24] 5442 	push	ar7
      001A23 C0 04            [24] 5443 	push	ar4
      001A25 C0 03            [24] 5444 	push	ar3
      001A27 C0 02            [24] 5445 	push	ar2
      001A29 12r18rFB         [24] 5446 	lcall	_p16c_read_data_nvm
      001A2C AD 82            [24] 5447 	mov	r5,dpl
      001A2E AE 83            [24] 5448 	mov	r6,dph
      001A30 D0 02            [24] 5449 	pop	ar2
      001A32 D0 03            [24] 5450 	pop	ar3
      001A34 D0 04            [24] 5451 	pop	ar4
      001A36 D0 07            [24] 5452 	pop	ar7
      001A38 8A 82            [24] 5453 	mov	dpl,r2
      001A3A 8B 83            [24] 5454 	mov	dph,r3
      001A3C 8F F0            [24] 5455 	mov	b,r7
      001A3E ED               [12] 5456 	mov	a,r5
      001A3F 12r00r00         [24] 5457 	lcall	__gptrput
      001A42 A3               [24] 5458 	inc	dptr
      001A43 EE               [12] 5459 	mov	a,r6
      001A44 12r00r00         [24] 5460 	lcall	__gptrput
                                   5461 ;	isp.c:935: for (i=0;i<n;i++)
      001A47 0C               [12] 5462 	inc	r4
      001A48 80 B5            [24] 5463 	sjmp	00103$
      001A4A                       5464 00105$:
                                   5465 ;	isp.c:937: }
      001A4A 85*00 81         [24] 5466 	mov	sp,_bp
      001A4D D0*00            [24] 5467 	pop	_bp
      001A4F 22               [24] 5468 	ret
                                   5469 ;------------------------------------------------------------
                                   5470 ;Allocation info for local variables in function 'p16c_isp_write_cfg'
                                   5471 ;------------------------------------------------------------
                                   5472 ;addr                      Allocated to stack - _bp -6
                                   5473 ;data                      Allocated to registers r6 r7 
                                   5474 ;------------------------------------------------------------
                                   5475 ;	isp.c:939: void p16c_isp_write_cfg (unsigned int data, unsigned long addr)
                                   5476 ;	-----------------------------------------
                                   5477 ;	 function p16c_isp_write_cfg
                                   5478 ;	-----------------------------------------
      001A50                       5479 _p16c_isp_write_cfg:
      001A50 C0*00            [24] 5480 	push	_bp
      001A52 85 81*00         [24] 5481 	mov	_bp,sp
      001A55 AE 82            [24] 5482 	mov	r6,dpl
      001A57 AF 83            [24] 5483 	mov	r7,dph
                                   5484 ;	isp.c:943: p16c_set_pc(addr);
      001A59 E5*00            [12] 5485 	mov	a,_bp
      001A5B 24 FA            [12] 5486 	add	a,#0xfa
      001A5D F8               [12] 5487 	mov	r0,a
      001A5E 86 82            [24] 5488 	mov	dpl,@r0
      001A60 08               [12] 5489 	inc	r0
      001A61 86 83            [24] 5490 	mov	dph,@r0
      001A63 08               [12] 5491 	inc	r0
      001A64 86 F0            [24] 5492 	mov	b,@r0
      001A66 08               [12] 5493 	inc	r0
      001A67 E6               [12] 5494 	mov	a,@r0
      001A68 C0 07            [24] 5495 	push	ar7
      001A6A C0 06            [24] 5496 	push	ar6
      001A6C 12r18r6F         [24] 5497 	lcall	_p16c_set_pc
      001A6F D0 06            [24] 5498 	pop	ar6
      001A71 D0 07            [24] 5499 	pop	ar7
                                   5500 ;	isp.c:944: p16c_load_nvm(data,0);
      001A73 E4               [12] 5501 	clr	a
      001A74 C0 E0            [24] 5502 	push	acc
      001A76 8E 82            [24] 5503 	mov	dpl,r6
      001A78 8F 83            [24] 5504 	mov	dph,r7
      001A7A 12r18rA8         [24] 5505 	lcall	_p16c_load_nvm
      001A7D 15 81            [12] 5506 	dec	sp
                                   5507 ;	isp.c:945: p16c_begin_prog(1);
      001A7F 75 82 01         [24] 5508 	mov	dpl,#0x01
      001A82 12r19r36         [24] 5509 	lcall	_p16c_begin_prog
                                   5510 ;	isp.c:946: }
      001A85 D0*00            [24] 5511 	pop	_bp
      001A87 22               [24] 5512 	ret
                                   5513 ;------------------------------------------------------------
                                   5514 ;Allocation info for local variables in function 'p18q_isp_write_pgm'
                                   5515 ;------------------------------------------------------------
                                   5516 ;addr                      Allocated to stack - _bp -6
                                   5517 ;n                         Allocated to stack - _bp -7
                                   5518 ;data                      Allocated to stack - _bp +1
                                   5519 ;i                         Allocated to registers r4 
                                   5520 ;------------------------------------------------------------
                                   5521 ;	isp.c:948: void p18q_isp_write_pgm (unsigned int * data, unsigned long addr, unsigned char n)
                                   5522 ;	-----------------------------------------
                                   5523 ;	 function p18q_isp_write_pgm
                                   5524 ;	-----------------------------------------
      001A88                       5525 _p18q_isp_write_pgm:
      001A88 C0*00            [24] 5526 	push	_bp
      001A8A 85 81*00         [24] 5527 	mov	_bp,sp
      001A8D C0 82            [24] 5528 	push	dpl
      001A8F C0 83            [24] 5529 	push	dph
      001A91 C0 F0            [24] 5530 	push	b
                                   5531 ;	isp.c:952: p16c_set_pc(addr);
      001A93 E5*00            [12] 5532 	mov	a,_bp
      001A95 24 FA            [12] 5533 	add	a,#0xfa
      001A97 F8               [12] 5534 	mov	r0,a
      001A98 86 82            [24] 5535 	mov	dpl,@r0
      001A9A 08               [12] 5536 	inc	r0
      001A9B 86 83            [24] 5537 	mov	dph,@r0
      001A9D 08               [12] 5538 	inc	r0
      001A9E 86 F0            [24] 5539 	mov	b,@r0
      001AA0 08               [12] 5540 	inc	r0
      001AA1 E6               [12] 5541 	mov	a,@r0
      001AA2 12r18r6F         [24] 5542 	lcall	_p16c_set_pc
                                   5543 ;	isp.c:953: for (i=0;i<n;i++)
      001AA5 7C 00            [12] 5544 	mov	r4,#0x00
      001AA7                       5545 00103$:
      001AA7 E5*00            [12] 5546 	mov	a,_bp
      001AA9 24 F9            [12] 5547 	add	a,#0xf9
      001AAB F8               [12] 5548 	mov	r0,a
      001AAC C3               [12] 5549 	clr	c
      001AAD EC               [12] 5550 	mov	a,r4
      001AAE 96               [12] 5551 	subb	a,@r0
      001AAF 50 49            [24] 5552 	jnc	00105$
                                   5553 ;	isp.c:955: isp_send_8_msb(0xE0);
      001AB1 75 82 E0         [24] 5554 	mov	dpl,#0xe0
      001AB4 C0 04            [24] 5555 	push	ar4
      001AB6 12r10r05         [24] 5556 	lcall	_isp_send_8_msb
      001AB9 D0 04            [24] 5557 	pop	ar4
                                   5558 ;	isp.c:956: isp_send_24_msb(data[i]);
      001ABB EC               [12] 5559 	mov	a,r4
      001ABC 75 F0 02         [24] 5560 	mov	b,#0x02
      001ABF A4               [48] 5561 	mul	ab
      001AC0 FA               [12] 5562 	mov	r2,a
      001AC1 AB F0            [24] 5563 	mov	r3,b
      001AC3 A8*00            [24] 5564 	mov	r0,_bp
      001AC5 08               [12] 5565 	inc	r0
      001AC6 EA               [12] 5566 	mov	a,r2
      001AC7 26               [12] 5567 	add	a,@r0
      001AC8 FA               [12] 5568 	mov	r2,a
      001AC9 EB               [12] 5569 	mov	a,r3
      001ACA 08               [12] 5570 	inc	r0
      001ACB 36               [12] 5571 	addc	a,@r0
      001ACC FB               [12] 5572 	mov	r3,a
      001ACD 08               [12] 5573 	inc	r0
      001ACE 86 07            [24] 5574 	mov	ar7,@r0
      001AD0 8A 82            [24] 5575 	mov	dpl,r2
      001AD2 8B 83            [24] 5576 	mov	dph,r3
      001AD4 8F F0            [24] 5577 	mov	b,r7
      001AD6 12r00r00         [24] 5578 	lcall	__gptrget
      001AD9 FA               [12] 5579 	mov	r2,a
      001ADA A3               [24] 5580 	inc	dptr
      001ADB 12r00r00         [24] 5581 	lcall	__gptrget
      001ADE FB               [12] 5582 	mov	r3,a
      001ADF 7F 00            [12] 5583 	mov	r7,#0x00
      001AE1 7E 00            [12] 5584 	mov	r6,#0x00
      001AE3 8A 82            [24] 5585 	mov	dpl,r2
      001AE5 8B 83            [24] 5586 	mov	dph,r3
      001AE7 8F F0            [24] 5587 	mov	b,r7
      001AE9 EE               [12] 5588 	mov	a,r6
      001AEA C0 04            [24] 5589 	push	ar4
      001AEC 12r0FrA3         [24] 5590 	lcall	_isp_send_24_msb
                                   5591 ;	isp.c:957: DLY_us(65);
      001AEF 90 00 41         [24] 5592 	mov	dptr,#0x0041
      001AF2 12r00r00         [24] 5593 	lcall	_DLY_us
      001AF5 D0 04            [24] 5594 	pop	ar4
                                   5595 ;	isp.c:953: for (i=0;i<n;i++)
      001AF7 0C               [12] 5596 	inc	r4
      001AF8 80 AD            [24] 5597 	sjmp	00103$
      001AFA                       5598 00105$:
                                   5599 ;	isp.c:959: }
      001AFA 85*00 81         [24] 5600 	mov	sp,_bp
      001AFD D0*00            [24] 5601 	pop	_bp
      001AFF 22               [24] 5602 	ret
                                   5603 ;------------------------------------------------------------
                                   5604 ;Allocation info for local variables in function 'p18q_isp_write_cfg'
                                   5605 ;------------------------------------------------------------
                                   5606 ;addr                      Allocated to stack - _bp -6
                                   5607 ;data                      Allocated to registers r6 r7 
                                   5608 ;------------------------------------------------------------
                                   5609 ;	isp.c:961: void p18q_isp_write_cfg (unsigned int data, unsigned long addr)
                                   5610 ;	-----------------------------------------
                                   5611 ;	 function p18q_isp_write_cfg
                                   5612 ;	-----------------------------------------
      001B00                       5613 _p18q_isp_write_cfg:
      001B00 C0*00            [24] 5614 	push	_bp
      001B02 85 81*00         [24] 5615 	mov	_bp,sp
      001B05 AE 82            [24] 5616 	mov	r6,dpl
      001B07 AF 83            [24] 5617 	mov	r7,dph
                                   5618 ;	isp.c:965: p16c_set_pc(addr);
      001B09 E5*00            [12] 5619 	mov	a,_bp
      001B0B 24 FA            [12] 5620 	add	a,#0xfa
      001B0D F8               [12] 5621 	mov	r0,a
      001B0E 86 82            [24] 5622 	mov	dpl,@r0
      001B10 08               [12] 5623 	inc	r0
      001B11 86 83            [24] 5624 	mov	dph,@r0
      001B13 08               [12] 5625 	inc	r0
      001B14 86 F0            [24] 5626 	mov	b,@r0
      001B16 08               [12] 5627 	inc	r0
      001B17 E6               [12] 5628 	mov	a,@r0
      001B18 C0 07            [24] 5629 	push	ar7
      001B1A C0 06            [24] 5630 	push	ar6
      001B1C 12r18r6F         [24] 5631 	lcall	_p16c_set_pc
                                   5632 ;	isp.c:966: isp_send_8_msb(0xE0);
      001B1F 75 82 E0         [24] 5633 	mov	dpl,#0xe0
      001B22 12r10r05         [24] 5634 	lcall	_isp_send_8_msb
      001B25 D0 06            [24] 5635 	pop	ar6
      001B27 D0 07            [24] 5636 	pop	ar7
                                   5637 ;	isp.c:967: isp_send_24_msb(data);
      001B29 7D 00            [12] 5638 	mov	r5,#0x00
      001B2B 7C 00            [12] 5639 	mov	r4,#0x00
      001B2D 8E 82            [24] 5640 	mov	dpl,r6
      001B2F 8F 83            [24] 5641 	mov	dph,r7
      001B31 8D F0            [24] 5642 	mov	b,r5
      001B33 EC               [12] 5643 	mov	a,r4
      001B34 12r0FrA3         [24] 5644 	lcall	_isp_send_24_msb
                                   5645 ;	isp.c:968: DLY_us(65);
      001B37 90 00 41         [24] 5646 	mov	dptr,#0x0041
      001B3A 12r00r00         [24] 5647 	lcall	_DLY_us
                                   5648 ;	isp.c:969: }
      001B3D D0*00            [24] 5649 	pop	_bp
      001B3F 22               [24] 5650 	ret
                                   5651 ;------------------------------------------------------------
                                   5652 ;Allocation info for local variables in function 'usart_tx_b'
                                   5653 ;------------------------------------------------------------
                                   5654 ;flush                     Allocated to registers b0 
                                   5655 ;data                      Allocated to registers r7 
                                   5656 ;------------------------------------------------------------
                                   5657 ;	isp.c:972: void usart_tx_b(uint8_t data, __bit flush)
                                   5658 ;	-----------------------------------------
                                   5659 ;	 function usart_tx_b
                                   5660 ;	-----------------------------------------
      001B40                       5661 _usart_tx_b:
                                   5662 ;	isp.c:974: CDC_write(data);
      001B40 C0*00            [24] 5663 	push	bits
      001B42 12r00r00         [24] 5664 	lcall	_CDC_write
      001B45 D0*00            [24] 5665 	pop	bits
                                   5666 ;	isp.c:975: if (flush) CDC_flush();
      001B47 30*00 03         [24] 5667 	jnb	b0,00103$
                                   5668 ;	isp.c:976: }
      001B4A 02r00r00         [24] 5669 	ljmp	_CDC_flush
      001B4D                       5670 00103$:
      001B4D 22               [24] 5671 	ret
                                   5672 	.area CSEG    (CODE)
                                   5673 	.area CONST   (CODE)
                                   5674 	.area XINIT   (CODE)
                                   5675 	.area CABS    (ABS,CODE)
